"Year","Quarter","Group","Unit","Inflation Deflator","Real Total Wealth","Real Wealth Share","Real Wealth Per Unit Growth","Real Wealth Per Unit"
"","1","Middle 40%","","0.59040364","19431324256710.434","0.30499847665137053","0","240975.74591639443"
"","2","Middle 40%","","0.5940838466666667","19410027925843.582","0.30692179734153796","-0.004423811690579953","239909.71459446326"
"","3","Middle 40%","","0.59756557","19486877047106.684","0.3081460061407347","-0.003404187990345946","240155.4191761812"
"","4","Middle 40%","","0.6008106066666666","19385726905639.93","0.3106568070446211","-0.011353223804694891","238239.8943415023"
"","1","Middle 40%","","0.6047504533333333","19132684935195.547","0.31683160822627854","-0.027316182455140847","234393.20847367856"
"","2","Middle 40%","","0.6084077733333334","19484074308926.098","0.3161056419975173","-0.0126893766119629","237917.9139221126"
"","3","Middle 40%","","0.6107976633333334","19123855797618.504","0.3183315058482685","-0.033678439892594836","232860.05874197592"
"","4","Middle 40%","","0.6126988733333333","19323654456352.934","0.31778979527136575","-0.02612199372671526","234680.97899327584"
"","1","Middle 40%","","0.6146763566666666","19735869885779.19","0.31528860605550507","-0.008253846954127652","238986.76898994375"
"","2","Middle 40%","","0.6168066466666667","19424330868694.457","0.31586485878549186","-0.026787838563946308","234520.5265369595"
"","3","Middle 40%","","0.6197768266666667","18779819643149.984","0.3193690622606675","-0.06140972799434437","226177.49090643442"
"","4","Middle 40%","","0.6233348666666666","18665287065296.973","0.3176914933828967","-0.06942742786794426","224245.4196988599"
"","1","Middle 40%","","0.62644247","18804969757839.223","0.3186495429806491","-0.0651360028788801","225279.54903664388"
"","2","Middle 40%","","0.6286033000000001","19325582932059.758","0.31719304055595077","-0.042184614962007455","230810.2768597288"
"","3","Middle 40%","","0.6321765966666666","19732528704926.625","0.31531290187361377","-0.02451289329861268","235068.73316919227"
"","4","Middle 40%","","0.6360706666666667","20269169989229.38","0.3138878690448457","-0.0006167256395998777","240827.12999536606"
"","1","Middle 40%","","0.64056784","21067967692728.184","0.310651037042424","0.03561651517746924","249558.46222822764"
"","2","Middle 40%","","0.6457140633333334","21448226605782.152","0.31098031842519036","0.05093371606167409","253249.5361366502"
"","3","Middle 40%","","0.6498601066666666","21662743114058.48","0.31209838998339084","0.05846449898493191","255064.27216891665"
"","4","Middle 40%","","0.6548841166666667","22402492556365.496","0.310854960829609","0.09182630997804807","263103.65945810464"
"","1","Middle 40%","","0.6600991466666667","22817916741976.582","0.31108505220671906","0.10870577175376468","267171.2003501752"
"","2","Middle 40%","","0.6649017533333333","23083590862290.656","0.3108703824629798","0.11794889360437708","269398.56853272265"
"","3","Middle 40%","","0.6709489599999999","23500752215702.656","0.30996516050542056","0.13491787666082417","273487.6818821926"
"","4","Middle 40%","","0.6763776933333333","23988768053224.78","0.3101713524131156","0.1553496008730653","278411.2318645955"
"","1","Middle 40%","","0.68114213","24370627953100.566","0.30706725439277155","0.1702087156664898","281991.9181355983"
"","2","Middle 40%","","0.6871816900000001","24356840494967.535","0.30773757549767033","0.1658966525432892","280952.8155080465"
"","3","Middle 40%","","0.6919767033333333","24545015723799.01","0.3095062043721304","0.1717669761979302","282367.4211294942"
"","4","Middle 40%","","0.6945651333333333","25012102550518.848","0.30878165956207193","0.19107437991457688","287020.0371418221"
"","1","Middle 40%","","0.7012230566666666","25019555513919.574","0.30627928473835464","0.18801918016032929","286283.8081021187"
"","2","Middle 40%","","0.7059112166666667","25093514721040.39","0.30593057213072605","0.18786370473468267","286246.3422954519"
"","3","Middle 40%","","0.7095761499999999","25222896995997.72","0.3054067319809219","0.19072755939648076","286936.4618087748"
"","4","Middle 40%","","0.7125845166666668","25004937312410.26","0.3049598000163833","0.1773619643234103","283715.6775664252"
"","1","Middle 40%","","0.7150889433333334","23983591215816.613","0.3030837303833528","0.12598201663165653","271334.3563462595"
"","2","Middle 40%","","0.7187156666666666","23047791993934.01","0.30196298967840246","0.0787348517166147","259948.93553842235"
"","3","Middle 40%","","0.7241367933333334","21990787316418.59","0.3013117684041374","0.02651358747082895","247364.87743409697"
"","4","Middle 40%","","0.7258548133333335","20326766912728.34","0.29941687848332654","-0.05365257985749338","228046.77546489605"
"","1","Middle 40%","","0.7254958933333334","19313639250295.938","0.30113380639251386","-0.10348243220925582","216038.9896255263"
"","2","Middle 40%","","0.7242283833333333","19261796721644.65","0.3005660521345555","-0.10881889391912694","214753.03178443582"
"","3","Middle 40%","","0.7250072566666667","19891388604464.76","0.29942390973475413","-0.0823608462769161","221128.7795505091"
"","4","Middle 40%","","0.7273970833333333","20239343103835.457","0.30033974313509404","-0.0688276828985157","224389.94369022755"
"","1","Middle 40%","","0.7293746866666666","20406651195240.598","0.29882336751553146","-0.06384424060053974","225590.8324152136"
"","2","Middle 40%","","0.7329327066666668","19908941301013.02","0.29607977427694065","-0.08957853628427628","219389.49131719215"
"","3","Middle 40%","","0.735147","19996531424750.76","0.2929586781907138","-0.08808169432836721","219750.19392403628"
"","4","Middle 40%","","0.7394533566666667","20399479390146.547","0.2889493441017835","-0.07205754428437956","223611.62543356247"
"","1","Middle 40%","","0.7432709566666666","20505776880476.24","0.28559825782865544","-0.06999565872354864","224108.4898445779"
"","2","Middle 40%","","0.74818051","20487918274676.2","0.2837034804527872","-0.0737992126784215","223191.92559316917"
"","3","Middle 40%","","0.7528075566666667","19680478995051.652","0.28336145232794696","-0.11275144603953777","213805.38210386471"
"","4","Middle 40%","","0.7537161533333334","19627563044577.01","0.28279863031222807","-0.1174114679342388","212682.42985180242"
"","1","Middle 40%","","0.7582897766666666","20172539357662.996","0.27993851097085193","-0.09551807445210742","217958.20667680015"
"","2","Middle 40%","","0.7613438566666667","20051028218879.035","0.27751727974480295","-0.10372600268626143","215980.29504814665"
"","3","Middle 40%","","0.7652913899999999","20186867603346.53","0.27539270368475693","-0.09986729430290595","216910.15017909958"
"","4","Middle 40%","","0.7691701266666667","20384422089479.066","0.27315748313319826","-0.09304719481476084","218553.62874047935"
"","1","Middle 40%","","0.7722471533333334","21078307564174.12","0.2738139114010982","-0.06466420644176026","225393.24053499955"
"","2","Middle 40%","","0.7744385566666668","21685120646911.69","0.2765961472697389","-0.0405636809781835","231200.88263556198"
"","3","Middle 40%","","0.7780881933333333","22351477088198.53","0.2796696144627425","-0.013569336185489788","237705.8650075057"
"","4","Middle 40%","","0.78273815","23264958681541.34","0.28285974412262876","0.024355296238479696","246844.78159447684"
"","1","Middle 40%","","0.7859984433333334","23742453121493.688","0.28272769747789167","0.04259616701786513","251240.3890367038"
"","2","Middle 40%","","0.7904499166666668","24175374611604.01","0.2815771511473321","0.05852266537781972","255078.28885883006"
"","3","Middle 40%","","0.7939010066666667","24367715071913.84","0.28175538265627437","0.06440226960130574","256495.13087227783"
"","4","Middle 40%","","0.7952219833333333","24669830956499.074","0.2806478435643352","0.07527131612305965","259114.30746525744"
"","1","Middle 40%","","0.7949394399999999","25185358544467.406","0.2796406906593573","0.09497973349052159","263863.5580412132"
"","2","Middle 40%","","0.7992458333333333","25390537038533.047","0.27960329044566334","0.10091883936270761","265294.7385088397"
"","3","Middle 40%","","0.8016279533333334","25017297036038.316","0.28091765198496704","0.08222430777370349","260789.80981462184"
"","4","Middle 40%","","0.8015515999999999","25404464148577.543","0.28222083420764926","0.09664549091626569","264264.96517939767"
"","1","Middle 40%","","0.8009102533333333","25949161242296.5","0.2825267145836798","0.11745694644558341","269280.0211991809"
"","2","Middle 40%","","0.8065680466666666","26196595474360.582","0.28309413092596575","0.12525236687311206","271158.5284514365"
"","3","Middle 40%","","0.8088052266666667","26726807754961.855","0.28363481324414985","0.1456557186017149","276075.24135343113"
"","4","Middle 40%","","0.8130657500000001","26940719941159.062","0.28425529648016873","0.1526849544405786","277769.11670292355"
"","1","Middle 40%","","0.8172728600000001","27446052306760","0.2842601896388912","0.17171780659794478","282355.5724484613"
"","2","Middle 40%","","0.8198154333333334","27971554706094.37","0.28411450152112183","0.19139597605702363","287097.5340121321"
"","3","Middle 40%","","0.82393084","28426415386228.355","0.284459626875481","0.20862307402224062","291248.84679427504"
"","4","Middle 40%","","0.82960395","29081057252746.066","0.2838413918056716","0.2344726810134044","297477.9751206164"
"","1","Middle 40%","","0.83469667","29418009585373.676","0.28368881014854613","0.24629279125650982","300326.33500326273"
"","2","Middle 40%","","0.8418586833333334","29460903887203.605","0.28363648357185545","0.2455642907044391","300150.78403932694"
"","3","Middle 40%","","0.8446913933333334","30057391582162.207","0.2827292899944563","0.2687570813118245","305739.6840558244"
"","4","Middle 40%","","0.8485319800000001","29148750928637.938","0.28424604241744345","0.2285671075649347","296054.87515380734"
"","1","Middle 40%","","0.8518151433333333","29730966312406.05","0.28374296140937394","0.250487794562569","301337.22905406205"
"","2","Middle 40%","","0.8565643000000001","30883848663860.74","0.2831342499828215","0.29574235827146084","312242.4812999333"
"","3","Middle 40%","","0.8593589466666667","31077709777037.793","0.2851075734436464","0.3013311296679598","313589.2396559608"
"","4","Middle 40%","","0.8625122899999998","32194853215558.797","0.28396069774929633","0.3464662359231607","324465.70555282355"
"","1","Middle 40%","","0.8659863866666666","31182515849319.625","0.2852259981047822","0.30325192484168356","314052.1047057015"
"","2","Middle 40%","","0.86274135","32549701273598.23","0.28560698770124826","0.35966508207048775","327646.3073484115"
"","3","Middle 40%","","0.8702087566666666","34741554448254.67","0.2864142888512645","0.4504679885098628","349527.6054590164"
"","4","Middle 40%","","0.8757138433333335","36614436177223.31","0.28711226424244357","0.5278632978793633","368177.99786476186"
"","1","Middle 40%","","0.8866171266666667","38089444481946.65","0.28532904977303253","0.5896811958666567","383074.61194323347"
"","2","Middle 40%","","0.9003759800000001","38886396090016.984","0.28287500310329733","0.6221589477266065","390900.9624233725"
"","3","Middle 40%","","0.9140432866666667","39744564807954.36","0.28352936695876246","0.6563071786718021","399129.8578471163"
"","4","Middle 40%","","0.92928344","40294008072786.57","0.2830801040477582","0.6776621657591403","404275.89178952255"
"","1","Middle 40%","","0.94811225","40582716274227.74","0.2882705043240543","0.6887100643706813","406938.1673982474"
"","2","Middle 40%","","0.9689795933333333","40498126548686.445","0.29622381246104934","0.6834577649445808","405672.4906262666"
"","3","Middle 40%","","0.9793790366666667","40013905350465.34","0.2970267438796941","0.660940727349253","400246.430695905"
"","4","Middle 40%","","0.98883921","39543236717302.34","0.2958655029419069","0.6390320750898988","394966.97687568417"
"","1","Middle 40%","","0.9986047966666667","39341357520912.71","0.29388489308345567","0.6289182862864362","392529.7990747289"
"","1","Top 10%","","0.59040364","43843438436984.82","0.6881765626354854","0","2174881.164312481"
"","2","Top 10%","","0.5940838466666667","43397431951348.04","0.6862235265916518","-0.013470301073769946","2145584.8602295206"
"","3","Top 10%","","0.59756557","43330006097105.04","0.685177429538872","-0.017882712879351174","2135988.3889043718"
"","4","Top 10%","","0.6008106066666666","42629123581467.22","0.6831328782969881","-0.03647439385986601","2095553.6921269435"
"","1","Top 10%","","0.6047504533333333","40838853706033.19","0.6762793482266667","-0.07983204085775697","2001255.962342321"
"","2","Top 10%","","0.6084077733333334","41676922158820.555","0.6761578726611135","-0.06401807046152598","2035649.468690079"
"","3","Top 10%","","0.6107976633333334","40593790829037.69","0.6757153316490921","-0.09091684343706603","1977147.8340024592"
"","4","Top 10%","","0.6126988733333333","41125489897338.01","0.6763348539702828","-0.08140479930913073","1997835.3996104146"
"","1","Top 10%","","0.6146763566666666","42424704940769.46","0.6777520403460647","-0.05515433615189593","2054927.0374855637"
"","2","Top 10%","","0.6168066466666667","41666582639788.734","0.6775527728886688","-0.0747754769573386","2012253.387925483"
"","3","Top 10%","","0.6197768266666667","39699029635166.69","0.6751205340710618","-0.12064889122001603","1912484.1633028826"
"","4","Top 10%","","0.6233348666666666","39801702999950.766","0.6774426999703739","-0.12054216666588033","1912716.276525442"
"","1","Top 10%","","0.62644247","39919889374406.445","0.6764411040698384","-0.12044517140150773","1912927.2296989535"
"","2","Top 10%","","0.6286033000000001","41342621584302.88","0.6785612569090788","-0.09187629827985604","1975061.133736867"
"","3","Top 10%","","0.6321765966666666","42618845866098.086","0.6810212804194994","-0.06623354620597183","2030831.0722234922"
"","4","Top 10%","","0.6360706666666667","44050782156875.28","0.6821693314688111","-0.037396295964998674","2093548.6646031504"
"","1","Top 10%","","0.64056784","46420471176861.84","0.684478337987365","0.011308507599463837","2199475.8244870394"
"","2","Top 10%","","0.6457140633333334","47180840923296.19","0.6840804698482364","0.024583613149066253","2228347.6015011296"
"","3","Top 10%","","0.6498601066666666","47428269459237.22","0.6833061934949556","0.027064971711911596","2233744.2615013677"
"","4","Top 10%","","0.6548841166666667","49330833521053.71","0.6845101848955584","0.06554908340366097","2317442.6311450507"
"","1","Top 10%","","0.6600991466666667","50167247364935.945","0.6839485366724415","0.08033484027321008","2349599.8952607373"
"","2","Top 10%","","0.6649017533333333","50812621615744.44","0.6843016413636803","0.09065646291633712","2372048.1979324156"
"","3","Top 10%","","0.6709489599999999","51944278951702.51","0.6851234639138295","0.11177828708076688","2417985.655463554"
"","4","Top 10%","","0.6763776933333333","52953271891765.52","0.6846782594640327","0.13030608462449605","2458281.4133576057"
"","1","Top 10%","","0.68114213","54666452854748.664","0.688791344146055","0.16336313047478895","2530176.5597252217"
"","2","Top 10%","","0.6871816900000001","54577936005978","0.6895673396398395","0.15785454193995377","2518196.034278861"
"","3","Top 10%","","0.6919767033333333","54646514582390.695","0.6890782023073889","0.15621393529710217","2514627.9097932773"
"","4","Top 10%","","0.6945651333333333","55950614852048.125","0.6907265661748755","0.18084076750740635","2568188.3433041517"
"","1","Top 10%","","0.7012230566666666","56722733710371.914","0.6943767765798812","0.1937099338560432","2596177.250796206"
"","2","Top 10%","","0.7059112166666667","57096819544055.586","0.6961026729074136","0.19788417520360468","2605255.729678312"
"","3","Top 10%","","0.7095761499999999","57667559072071.99","0.6982568560745774","0.2065541030185007","2624111.792378878"
"","4","Top 10%","","0.7125845166666668","57474595478722.38","0.7009592115439784","0.1993831609529076","2608515.845550043"
"","1","Top 10%","","0.7150889433333334","55905388272717","0.7064835901243444","0.16323832301865096","2529905.1183397016"
"","2","Top 10%","","0.7187156666666666","54168912767530.97","0.7096995170390841","0.12365579461491066","2443817.822878543"
"","3","Top 10%","","0.7241367933333334","52094711568737.07","0.7137875257226584","0.07774335634256829","2343963.7256723656"
"","4","Top 10%","","0.7258548133333335","48853784391450.65","0.7196249008702895","0.008041238614146238","2192369.9027121295"
"","1","Top 10%","","0.7254958933333334","46211897610478.875","0.7205252437264711","-0.049293892236204895","2067672.8065723097"
"","2","Top 10%","","0.7242283833333333","46238551007439.74","0.7215182951812292","-0.05186280575205899","2062085.724953931"
"","3","Top 10%","","0.7250072566666667","47862716764473.54","0.7204746772142937","-0.021407298291230746","2128322.8344800645"
"","4","Top 10%","","0.7273970833333333","48406479876804.88","0.7183232013848602","-0.012959579419325991","2146695.6191359772"
"","1","Top 10%","","0.7293746866666666","49086007078862.98","0.7187875067232025","-0.001996945637605734","2170538.0448590964"
"","2","Top 10%","","0.7329327066666668","48574219614574.086","0.7223811533579565","-0.015540291272133971","2141082.877536787"
"","3","Top 10%","","0.735147","49468720646174.15","0.7247402414176178","-0.00016177773559647335","2174529.316962527"
"","4","Top 10%","","0.7394533566666667","51376509501462.23","0.7277248815407105","0.035772434811893704","2252681.958986465"
"","1","Top 10%","","0.7432709566666666","52482803621985.75","0.7309646139119829","0.05492981731786102","2294346.989356222"
"","2","Top 10%","","0.74818051","52903310338281.04","0.7325709263979118","0.05995628278613637","2305278.9544262416"
"","3","Top 10%","","0.7528075566666667","51041830047112.9","0.7349052375840405","0.019843812985831873","2218039.099403506"
"","4","Top 10%","","0.7537161533333334","51072247206763.4","0.7358611725886557","0.017828621488093433","2213656.297372592"
"","1","Top 10%","","0.7582897766666666","53084692418242.6","0.7366672825582282","0.05488816294694558","2294256.396049507"
"","2","Top 10%","","0.7613438566666667","53361540106520.99","0.7385531201542941","0.05713462256967489","2299142.1787693696"
"","3","Top 10%","","0.7652913899999999","54218267086095.87","0.7396548813480568","0.07147250781426308","2330325.375323898"
"","4","Top 10%","","0.7691701266666667","55291390341946.625","0.7409215212697421","0.09028889387771927","2371248.7789537413"
"","1","Top 10%","","0.7722471533333334","56826257338949.98","0.7381911353599186","0.11758010858811943","2430603.927778598"
"","2","Top 10%","","0.7744385566666668","57541093007897.695","0.7339430983493678","0.12831460946117246","2453950.191535697"
"","3","Top 10%","","0.7780881933333333","58310519693919.18","0.7296019183685584","0.14052560617990964","2480507.6582967597"
"","4","Top 10%","","0.78273815","59680620900884.15","0.7256082156938217","0.1646071630525337","2532882.18274635"
"","1","Top 10%","","0.7859984433333334","60875990287067.04","0.7249178708483077","0.18477086661143474","2576735.841819384"
"","2","Top 10%","","0.7904499166666668","62259056269113.6","0.7251481302367836","0.20816785093723497","2627621.5023312815"
"","3","Top 10%","","0.7939010066666667","62641329248517.03","0.7242998221386948","0.21268984672891691","2637456.305803711"
"","4","Top 10%","","0.7952219833333333","63712889156780.4","0.7248077613759795","0.23077021863745442","2676778.9661113536"
"","1","Top 10%","","0.7949394399999999","65285692431809.336","0.7248868857503736","0.2579800400065018","2735957.094091202"
"","2","Top 10%","","0.7992458333333333","65795401062736.25","0.7245459442395483","0.26437746821167907","2749870.7401946834"
"","3","Top 10%","","0.8016279533333334","64463677092127.31","0.7238585679720263","0.23591831038134742","2687975.453877299"
"","4","Top 10%","","0.8015515999999999","64975082924379.69","0.72181495340284","0.24308507852579012","2703562.322923642"
"","1","Top 10%","","0.8009102533333333","66187799378065.875","0.720632984211005","0.26323226368803404","2747380.0564469225"
"","2","Top 10%","","0.8065680466666666","66598375817244.82","0.7196969293783382","0.26784602010739916","2757414.428380125"
"","3","Top 10%","","0.8088052266666667","67740532988534.1","0.7188877025425913","0.2869255978253068","2798910.2425818387"
"","4","Top 10%","","0.8130657500000001","68074107230935.78","0.7182594071656402","0.29086603596942096","2807480.227280611"
"","1","Top 10%","","0.8172728600000001","69210813797353.5","0.716819994191004","0.30952830988545943","2848068.4553038436"
"","2","Top 10%","","0.8198154333333334","70448893944203.08","0.7155681046685152","0.3298770600231785","2892324.5686956695"
"","3","Top 10%","","0.82393084","71341655526023.69","0.7139071330619994","0.3443419747700943","2923784.0393221225"
"","4","Top 10%","","0.82960395","73089743651173.06","0.7133817173276847","0.37507226720636","2990618.7735155714"
"","1","Top 10%","","0.83469667","73947618619149.67","0.7131043954046143","0.38844532686495226","3019703.5890762703"
"","2","Top 10%","","0.8418586833333334","74095241035541.64","0.7133560360942781","0.3883794897652774","3019560.401208275"
"","3","Top 10%","","0.8446913933333334","75959120847185.98","0.7144954094577194","0.42103544928934045","3090583.23247971"
"","4","Top 10%","","0.8485319800000001","73267790419086.48","0.7144758797480718","0.36864186852439756","2976633.420543151"
"","1","Top 10%","","0.8518151433333333","74874136866310.95","0.7145751370534095","0.39572563067151234","3035537.38469563"
"","2","Top 10%","","0.8565643000000001","77945720958911.56","0.7145839718123037","0.449363471414899","3152193.314222815"
"","3","Top 10%","","0.8593589466666667","77729643262015.88","0.7130934079141127","0.4425247698816648","3137319.9510698286"
"","4","Top 10%","","0.8625122899999998","80959573978651.8","0.7140687041664687","0.5006348387927093","3263702.44540136"
"","1","Top 10%","","0.8659863866666666","78008469052092.95","0.7135422797033455","0.44496314633879364","3142623.130097941"
"","2","Top 10%","","0.86274135","81095994371960.23","0.7115758904368136","0.501350639092793","3265259.225991421"
"","3","Top 10%","","0.8702087566666666","85991723202088.06","0.7089279290799881","0.5911581464765748","3460579.8822142626"
"","4","Top 10%","","0.8757138433333335","90189379642267.39","0.7072204218679429","0.6679588800188018","3627612.351000633"
"","1","Top 10%","","0.8866171266666667","94511273886887.17","0.7079864864861934","0.7481826583382903","3802089.535397669"
"","2","Top 10%","","0.9003759800000001","97573934399531.36","0.7097913350513401","0.8039617322175318","3923402.392540425"
"","3","Top 10%","","0.9140432866666667","99280523386582.89","0.7082463748980039","0.8336860825685415","3988049.3222402614"
"","4","Top 10%","","0.92928344","100772930504998.75","0.7079665939665791","0.859540844957977","4044280.35796882"
"","1","Top 10%","","0.94811225","98849002823578.98","0.7021524065400975","0.8229890709520317","3964784.5931610824"
"","2","Top 10%","","0.9689795933333333","94864783493596.11","0.693889081535218","0.74771295085238","3801067.977433826"
"","3","Top 10%","","0.9793790366666667","93433411919935.38","0.6935644463862825","0.7188706450850265","3738339.3898850675"
"","4","Top 10%","","0.98883921","92930576511118.25","0.695313637442147","0.7071499195767404","3712848.20474502"
"","1","Top 10%","","0.9986047966666667","93391607211130.77","0.6976470622689002","0.7137820863735556","3727272.3793899915"
"","1","Bottom 50%","","0.59040364","434815207283.17596","0.006824958201210612","0","4313.856020375769"
"","2","Bottom 50%","","0.5940838466666667","433496913120.48315","0.006854686259353474","-0.0063532322399679235","4286.449091228537"
"","3","Bottom 50%","","0.59756557","422221047931.57794","0.006676581851168857","-0.03502876753213144","4162.74696067094"
"","4","Bottom 50%","","0.6008106066666666","387538869626.0149","0.006210321048558345","-0.11677367153731381","3810.111214393145"
"","1","Bottom 50%","","0.6047504533333333","416011843258.10425","0.006889033179978853","-0.05485348009936715","4077.226005010552"
"","2","Bottom 50%","","0.6084077733333334","476860712530.19183","0.007736490802064595","0.07984954705425594","4658.3154696600495"
"","3","Bottom 50%","","0.6107976633333334","357636887271.92065","0.005953145122875031","-0.19241881957553844","3483.7889371162337"
"","4","Bottom 50%","","0.6126988733333333","357259541231.25165","0.0058753605185325455","-0.19536891663527087","3471.0626431544138"
"","1","Bottom 50%","","0.6146763566666666","435629755586.19794","0.006959363797490401","-0.02172836345069939","4220.122988891057"
"","2","Bottom 50%","","0.6168066466666667","404787243583.2282","0.0065823665379716855","-0.09367084178348492","3909.7734956144163"
"","3","Bottom 50%","","0.6197768266666667","324027162467.7215","0.005510396425028899","-0.27629141658114265","3121.974629579057"
"","4","Bottom 50%","","0.6233348666666666","285880416789.65314","0.004865811933194869","-0.36306127353732476","2747.6619597614867"
"","1","Bottom 50%","","0.62644247","289723733762.9555","0.004909358352768819","-0.35633848478808816","2776.6631024810954"
"","2","Bottom 50%","","0.6286033000000001","258677483638.82382","0.0042457036275291085","-0.4270647966483556","2471.5599762637066"
"","3","Bottom 50%","","0.6321765966666666","229408871668.1322","0.003665803715423973","-0.49318825185835347","2186.31291091801"
"","4","Bottom 50%","","0.6360706666666667","254603551338.25082","0.003942784348016212","-0.43900596522297874","2420.0474943177464"
"","1","Bottom 50%","","0.64056784","330319662977.6528","0.0048706238473552495","-0.2743813693422456","3130.2142983597755"
"","2","Bottom 50%","","0.6457140633333334","340655759578.59766","0.004939207261012812","-0.25407125005374426","3217.8292287270265"
"","3","Bottom 50%","","0.6498601066666666","318967440896.1167","0.004595411773876222","-0.3035228463706325","3004.502162238226"
"","4","Bottom 50%","","0.6548841166666667","334022124728.6497","0.004634860796739513","-0.27250481666808385","3138.3094764107605"
"","1","Bottom 50%","","0.6600991466666667","364283049669.2232","0.0049664048127540245","-0.208999140761309","3412.2638187492335"
"","2","Bottom 50%","","0.6649017533333333","358500416176.0013","0.004827982013484349","-0.22409969827991674","3347.122187786557"
"","3","Bottom 50%","","0.6709489599999999","372366870996.3143","0.004911364362973553","-0.1963788038415845","3466.7061351495577"
"","4","Bottom 50%","","0.6763776933333333","398333205104.7093","0.005150391577602076","-0.142666767567092","3698.4121261989185"
"","1","Bottom 50%","","0.68114213","328684118724.80206","0.004141384050241188","-0.29470142978961916","3042.556483264473"
"","2","Bottom 50%","","0.6871816900000001","213311187713.81387","0.0026950896093087475","-0.54370006022389","1968.4122423002732"
"","3","Bottom 50%","","0.6919767033333333","112260743325.23677","0.0014155785010517893","-0.7605010976451669","1033.1637817967855"
"","4","Bottom 50%","","0.6945651333333333","39835456713.06179","0.0004917802655105914","-0.9152272723193294","365.6973416689359"
"","1","Bottom 50%","","0.7012230566666666","-53592749083.702644","-0.0006560607700399182","-1.1137228072414989","-490.5838166727728"
"","2","Bottom 50%","","0.7059112166666667","-166772610902.95898","-0.0020332281402771087","-1.3527991416425635","-1521.9247011581765"
"","3","Bottom 50%","","0.7095761499999999","-302565597430.0507","-0.0036635589613528375","-1.6383144256450237","-2753.5965279614857"
"","4","Bottom 50%","","0.7125845166666668","-485324521654.1232","-0.00591900980264533","-2.0212078411775125","-4405.343593718555"
"","1","Bottom 50%","","0.7150889433333334","-757080155125.17","-0.009567319403910677","-2.5883886597012213","-6852.079982348712"
"","2","Bottom 50%","","0.7187156666666666","-890159379628.0922","-0.011662513599286016","-2.861876330912048","-8031.866419300087"
"","3","Bottom 50%","","0.7241367933333334","-1101998482255.1384","-0.015099282562705808","-3.298807443328187","-9916.724329085931"
"","4","Bottom 50%","","0.7258548133333335","-1292706006778.1472","-0.019041788544531812","-3.6895507065189657","-11602.334507422742"
"","1","Bottom 50%","","0.7254958933333334","-1389133607441.797","-0.02165905065200505","-3.8816178236496315","-12430.884396973082"
"","2","Bottom 50%","","0.7242283833333333","-1415276705983.3633","-0.022084343342561062","-3.9262283139028726","-12623.327628923942"
"","3","Bottom 50%","","0.7250072566666667","-1321907193296.0964","-0.019898591696829556","-3.7252445127615617","-11756.312448372491"
"","4","Bottom 50%","","0.7273970833333333","-1257661775971.3997","-0.018662948338204487","-3.5858014787949566","-11154.77527679619"
"","1","Bottom 50%","","0.7293746866666666","-1202647174857.5623","-0.01761087967278993","-3.465541301057265","-10635.990185050987"
"","2","Bottom 50%","","0.7329327066666668","-1241345631719.2483","-0.0184609180810835","-3.5367911643363805","-10943.35183670855"
"","3","Bottom 50%","","0.735147","-1208080179145.4216","-0.017698948128212925","-3.4620376899353937","-10620.87611111985"
"","4","Bottom 50%","","0.7394533566666667","-1177181005871.0496","-0.016674233348318503","-3.3930010078294845","-10323.061804390505"
"","1","Bottom 50%","","0.7432709566666666","-1189204383572.8682","-0.016562878945297652","-3.410254619842782","-10397.491402447295"
"","2","Bottom 50%","","0.74818051","-1175272563408.7888","-0.016274416573199266","-3.374343694268516","-10242.576839961484"
"","3","Bottom 50%","","0.7528075566666667","-1268688825106.2751","-0.0182667052018775","-3.556009270688369","-11026.255980495296"
"","4","Bottom 50%","","0.7537161533333334","-1295079570816.3467","-0.018659816704723463","-3.6024717630304735","-11226.688482806949"
"","1","Bottom 50%","","0.7582897766666666","-1196625126714.6333","-0.016605814975671426","-3.3977014914250274","-10343.339013847813"
"","2","Bottom 50%","","0.7613438566666667","-1161109476561.6096","-0.016070394989414878","-3.3193964739413944","-10005.542442750415"
"","3","Bottom 50%","","0.7652913899999999","-1103020096217.5798","-0.015047588981344626","-3.197954543520695","-9481.659440079024"
"","4","Bottom 50%","","0.7691701266666667","-1050647526105.7445","-0.01407899780682478","-3.0890123211629366","-9011.698378287892"
"","1","Bottom 50%","","0.7722471533333334","-924154247497.9174","-0.012005057259693612","-2.8326264706850064","-7905.686733664513"
"","2","Bottom 50%","","0.7744385566666668","-826275563443.2725","-0.010539237533091167","-2.633717251230323","-7047.620999811682"
"","3","Bottom 50%","","0.7780881933333333","-740990192422.869","-0.009271532284772127","-2.4614045986241497","-6304.289025979622"
"","4","Bottom 50%","","0.78273815","-696481038288.1018","-0.008467947481580624","-2.3704250963614384","-5911.816552412835"
"","1","Bottom 50%","","0.7859984433333334","-642048189801.6036","-0.007645579226525842","-2.2599573226882934","-5435.274481895429"
"","2","Bottom 50%","","0.7904499166666668","-577412844196.7529","-0.0067252841503750585","-2.129824696961315","-4873.901070955797"
"","3","Bottom 50%","","0.7939010066666667","-523686326290.9248","-0.006055202173059937","-2.0222565283555496","-4409.8674792150205"
"","4","Bottom 50%","","0.7952219833333333","-479564888425.1419","-0.005455604946098373","-1.934107673935132","-4029.6060128842746"
"","1","Bottom 50%","","0.7949394399999999","-407769219029.53906","-0.004527585574678917","-1.7922642454413509","-3417.713884925637"
"","2","Bottom 50%","","0.7992458333333333","-376788029290.10443","-0.004149229794949501","-1.730093005403598","-3149.51610679455"
"","3","Bottom 50%","","0.8016279533333334","-425349647049.9038","-0.004776224383863947","-1.8222817478777","-3547.2050685273257"
"","4","Bottom 50%","","0.8015515999999999","-363285986408.84344","-0.0040357818035690884","-1.7008136274633916","-3023.2090859943337"
"","1","Bottom 50%","","0.8009102533333333","-290208616593.32025","-0.0031597047096975565","-1.5584900653831977","-2409.245730873364"
"","2","Bottom 50%","","0.8065680466666666","-258274211319.429","-0.0027910463963007628","-1.4957740598358154","-2138.697912768869"
"","3","Bottom 50%","","0.8088052266666667","-237696349987.07764","-0.002522521973275482","-1.4553310057600617","-1964.2324004617963"
"","4","Bottom 50%","","0.8130657500000001","-238334845509.90665","-0.0025147042217112713","-1.4557079909723343","-1965.8586603893502"
"","1","Bottom 50%","","0.8172728600000001","-104294556371.61536","-0.0010801841387293926","-1.1989768075777751","-858.3572992845358"
"","2","Bottom 50%","","0.8198154333333334","31246240099.56499","0.0003173763497801924","-0.9405249298470383","256.56688944162516"
"","3","Bottom 50%","","0.82393084","163213146530.62424","0.0016332537934335247","-0.6898858413146877","1337.7878304484009"
"","4","Bottom 50%","","0.82960395","284506417556.56805","0.0027768831385687094","-0.46028929354846293","2328.2342802872226"
"","1","Bottom 50%","","0.83469667","332537960274.53656","0.003206787257504032","-0.3704275708242921","2715.8848138622247"
"","2","Bottom 50%","","0.8418586833333334","312381696712.3588","0.0030074720832373404","-0.4097943870767785","2546.06203656841"
"","3","Bottom 50%","","0.8446913933333334","295045616939.1162","0.002775291979849567","-0.4434373841287362","2400.930991192338"
"","4","Bottom 50%","","0.8485319800000001","131063445606.52446","0.0012780741723875048","-0.7531357565435828","1064.9368028499753"
"","1","Bottom 50%","","0.8518151433333333","176231897205.72775","0.0016819016200990348","-0.6687524893445251","1428.9540680756065"
"","2","Bottom 50%","","0.8565643000000001","248892938734.42422","0.0022817789421774154","-0.5333433162917754","2013.0897444633154"
"","3","Bottom 50%","","0.8593589466666667","196098763655.14603","0.001799014247257278","-0.6330462400085157","1582.9856867387896"
"","4","Bottom 50%","","0.8625122899999998","223423859156.71826","0.0019706129583880773","-0.5824233157867112","1801.3656931620471"
"","1","Bottom 50%","","0.8659863866666666","134658750930.9488","0.0012317215462478849","-0.7484933461127977","1084.963493035872"
"","2","Bottom 50%","","0.86274135","321056854676.07135","0.0028171097600593604","-0.40067201337788816","2585.4146432694856"
"","3","Bottom 50%","","0.8702087566666666","564981985464.5387","0.004657791401407219","0.05412272728315941","4547.333673305382"
"","4","Bottom 50%","","0.8757138433333335","722733809668.3624","0.005667320385163641","0.3477464404826512","5813.984096216097"
"","1","Bottom 50%","","0.8866171266666667","892328727430.8535","0.006684458420067051","0.6642859521741002","7179.489974413061"
"","2","Bottom 50%","","0.9003759800000001","1008146094405.8496","0.007333652851847687","0.8793897641943065","8107.416848902206"
"","3","Bottom 50%","","0.9140432866666667","1152858688956.6853","0.008224251437957101","1.1470239531843904","9261.952206335465"
"","4","Bottom 50%","","0.92928344","1274425673702.959","0.008953305207595321","1.371243905011584","10229.20479541357"
"","1","Bottom 50%","","0.94811225","1348265462497.0476","0.009577110664806635","1.50718894320762","10815.652116875752"
"","2","Bottom 50%","","0.9689795933333333","1351709957557.784","0.0098870913568795","1.5110102147432003","10832.136532095006"
"","3","Bottom 50%","","0.9793790366666667","1267506081870.8435","0.009408809288879553","1.3512072924964356","10142.76973388716"
"","4","Bottom 50%","","0.98883921","1178932775096.3865","0.008820864638173859","1.183745152047552","9420.36217112673"
"","1","Bottom 50%","","0.9986047966666667","1133587489449.7273","0.008468041245414228","1.097503410299625","9048.327714279743"