state,week_filed,claims_initial,week_ending,claims_continued,covered_emp,ins_unemp_rate
Virginia,1/1/2000,"6,769",12/25/1999,"21,856","3,108,270",0.7
Virginia,1/8/2000,"12,281",1/1/2000,"36,086","3,129,038",1.15
Virginia,1/15/2000,"7,285",1/8/2000,"32,744","3,129,038",1.05
Virginia,1/22/2000,"4,489",1/15/2000,"28,099","3,129,038",0.9
Virginia,1/29/2000,"5,771",1/22/2000,"26,244","3,129,038",0.84
Virginia,2/5/2000,"6,745",1/29/2000,"29,603","3,129,038",0.95
Virginia,2/12/2000,"4,732",2/5/2000,"28,449","3,129,038",0.91
Virginia,2/19/2000,"3,543",2/12/2000,"29,856","3,129,038",0.95
Virginia,2/26/2000,"3,165",2/19/2000,"26,026","3,129,038",0.83
Virginia,3/4/2000,"3,386",2/26/2000,"27,258","3,129,038",0.87
Virginia,3/11/2000,"3,352",3/4/2000,"24,918","3,129,038",0.8
Virginia,3/18/2000,"3,187",3/11/2000,"24,424","3,129,038",0.78
Virginia,3/25/2000,"3,414",3/18/2000,"23,117","3,129,038",0.74
Virginia,4/1/2000,"3,140",3/25/2000,"23,014","3,129,038",0.74
Virginia,4/8/2000,"3,222",4/1/2000,"21,650","3,150,654",0.69
Virginia,4/15/2000,"2,687",4/8/2000,"21,439","3,150,654",0.68
Virginia,4/22/2000,"2,755",4/15/2000,"19,915","3,150,654",0.63
Virginia,4/29/2000,"3,309",4/22/2000,"20,565","3,150,654",0.65
Virginia,5/6/2000,"3,638",4/29/2000,"20,286","3,150,654",0.64
Virginia,5/13/2000,"3,244",5/6/2000,"19,460","3,150,654",0.62
Virginia,5/20/2000,"3,173",5/13/2000,"19,178","3,150,654",0.61
Virginia,5/27/2000,"3,120",5/20/2000,"19,003","3,150,654",0.6
Virginia,6/3/2000,"2,954",5/27/2000,"18,803","3,150,654",0.6
Virginia,6/10/2000,"3,641",6/3/2000,"19,585","3,150,654",0.62
Virginia,6/17/2000,"3,764",6/10/2000,"19,342","3,150,654",0.61
Virginia,6/24/2000,"4,012",6/17/2000,"18,703","3,150,654",0.59
Virginia,7/1/2000,"8,131",6/24/2000,"19,847","3,150,654",0.63
Virginia,7/8/2000,"5,713",7/1/2000,"19,093","3,175,169",0.6
Virginia,7/15/2000,"6,972",7/8/2000,"25,886","3,175,169",0.82
Virginia,7/22/2000,"6,592",7/15/2000,"26,211","3,175,169",0.83
Virginia,7/29/2000,"4,764",7/22/2000,"22,555","3,175,169",0.71
Virginia,8/5/2000,"4,953",7/29/2000,"20,297","3,175,169",0.64
Virginia,8/12/2000,"4,290",8/5/2000,"21,775","3,175,169",0.69
Virginia,8/19/2000,"4,033",8/12/2000,"20,491","3,175,169",0.65
Virginia,8/26/2000,"4,807",8/19/2000,"19,599","3,175,169",0.62
Virginia,9/2/2000,"3,879",8/26/2000,"18,224","3,175,169",0.57
Virginia,9/9/2000,"3,025",9/2/2000,"20,130","3,175,169",0.63
Virginia,9/16/2000,"3,134",9/9/2000,"18,650","3,175,169",0.59
Virginia,9/23/2000,"3,856",9/16/2000,"18,444","3,175,169",0.58
Virginia,9/30/2000,"4,374",9/23/2000,"17,919","3,175,169",0.56
Virginia,10/7/2000,"4,847",9/30/2000,"18,143","3,200,945",0.57
Virginia,10/14/2000,"4,762",10/7/2000,"17,810","3,200,945",0.56
Virginia,10/21/2000,"3,347",10/14/2000,"17,679","3,200,945",0.55
Virginia,10/28/2000,"3,887",10/21/2000,"18,974","3,200,945",0.59
Virginia,11/4/2000,"5,037",10/28/2000,"18,776","3,200,945",0.59
Virginia,11/11/2000,"3,358",11/4/2000,"19,396","3,200,945",0.61
Virginia,11/18/2000,"5,240",11/11/2000,"18,992","3,200,945",0.59
Virginia,11/25/2000,"4,899",11/18/2000,"17,595","3,200,945",0.55
Virginia,12/2/2000,"6,683",11/25/2000,"28,845","3,200,945",0.9
Virginia,12/9/2000,"5,891",12/2/2000,"22,523","3,200,945",0.7
Virginia,12/16/2000,"7,538",12/9/2000,"21,618","3,200,945",0.68
Virginia,12/23/2000,"10,743",12/16/2000,"21,320","3,200,945",0.67
Virginia,12/30/2000,"9,925",12/23/2000,"24,982","3,200,945",0.78
Virginia,1/6/2001,"12,509",12/30/2000,"39,135","3,200,945",1.22
Virginia,1/13/2001,"11,884",1/6/2001,"40,033","3,226,056",1.24
Virginia,1/20/2001,"6,120",1/13/2001,"32,111","3,226,056",1
Virginia,1/27/2001,"6,548",1/20/2001,"31,515","3,226,056",0.98
Virginia,2/3/2001,"7,822",1/27/2001,"32,335","3,226,056",1
Virginia,2/10/2001,"5,652",2/3/2001,"32,027","3,226,056",0.99
Virginia,2/17/2001,"5,769",2/10/2001,"31,022","3,226,056",0.96
Virginia,2/24/2001,"5,464",2/17/2001,"31,374","3,226,056",0.97
Virginia,3/3/2001,"8,056",2/24/2001,"31,834","3,226,056",0.99
Virginia,3/10/2001,"5,225",3/3/2001,"32,939","3,226,056",1.02
Virginia,3/17/2001,"5,036",3/10/2001,"32,775","3,226,056",1.02
Virginia,3/24/2001,"5,978",3/17/2001,"32,017","3,226,056",0.99
Virginia,3/31/2001,"5,360",3/24/2001,"30,622","3,226,056",0.95
Virginia,4/7/2001,"7,204",3/31/2001,"32,233","3,226,056",1
Virginia,4/14/2001,"5,183",4/7/2001,"28,961","3,249,840",0.89
Virginia,4/21/2001,"5,466",4/14/2001,"28,994","3,249,840",0.89
Virginia,4/28/2001,"5,459",4/21/2001,"31,535","3,249,840",0.97
Virginia,5/5/2001,"5,493",4/28/2001,"30,486","3,249,840",0.94
Virginia,5/12/2001,"4,834",5/5/2001,"28,503","3,249,840",0.88
Virginia,5/19/2001,"5,890",5/12/2001,"30,100","3,249,840",0.93
Virginia,5/26/2001,"5,751",5/19/2001,"29,820","3,249,840",0.92
Virginia,6/2/2001,"4,090",5/26/2001,"30,527","3,249,840",0.94
Virginia,6/9/2001,"7,139",6/2/2001,"31,683","3,249,840",0.97
Virginia,6/16/2001,"6,325",6/9/2001,"31,159","3,249,840",0.96
Virginia,6/23/2001,"5,842",6/16/2001,"30,446","3,249,840",0.94
Virginia,6/30/2001,"10,695",6/23/2001,"31,757","3,249,840",0.98
Virginia,7/7/2001,"9,674",6/30/2001,"33,152","3,249,840",1.02
Virginia,7/14/2001,"10,160",7/7/2001,"40,016","3,273,436",1.22
Virginia,7/21/2001,"7,837",7/14/2001,"39,785","3,273,436",1.22
Virginia,7/28/2001,"4,884",7/21/2001,"34,514","3,273,436",1.05
Virginia,8/4/2001,"5,480",7/28/2001,"32,506","3,273,436",0.99
Virginia,8/11/2001,"5,487",8/4/2001,"32,676","3,273,436",1
Virginia,8/18/2001,"4,868",8/11/2001,"33,400","3,273,436",1.02
Virginia,8/25/2001,"5,541",8/18/2001,"33,290","3,273,436",1.02
Virginia,9/1/2001,"5,601",8/25/2001,"30,228","3,273,436",0.92
Virginia,9/8/2001,"5,734",9/1/2001,"30,588","3,273,436",0.93
Virginia,9/15/2001,"8,029",9/8/2001,"33,053","3,273,436",1.01
Virginia,9/22/2001,"6,090",9/15/2001,"32,109","3,273,436",0.98
Virginia,9/29/2001,"8,673",9/22/2001,"33,833","3,273,436",1.03
Virginia,10/6/2001,"9,712",9/29/2001,"35,712","3,273,436",1.09
Virginia,10/13/2001,"8,117",10/6/2001,"36,465","3,289,764",1.11
Virginia,10/20/2001,"7,492",10/13/2001,"37,665","3,289,764",1.14
Virginia,10/27/2001,"9,255",10/20/2001,"38,450","3,289,764",1.17
Virginia,11/3/2001,"7,444",10/27/2001,"38,707","3,289,764",1.18
Virginia,11/10/2001,"7,691",11/3/2001,"42,232","3,289,764",1.28
Virginia,11/17/2001,"8,251",11/10/2001,"41,660","3,289,764",1.27
Virginia,11/24/2001,"9,376",11/17/2001,"39,822","3,289,764",1.21
Virginia,12/1/2001,"10,210",11/24/2001,"51,724","3,289,764",1.57
Virginia,12/8/2001,"9,080",12/1/2001,"47,913","3,289,764",1.46
Virginia,12/15/2001,"9,724",12/8/2001,"45,467","3,289,764",1.38
Virginia,12/22/2001,"19,300",12/15/2001,"45,703","3,289,764",1.39
Virginia,12/29/2001,"14,056",12/22/2001,"48,286","3,289,764",1.47
Virginia,1/5/2002,"11,049",12/29/2001,"62,488","3,289,764",1.9
Virginia,1/12/2002,"17,904",1/5/2002,"77,427","3,298,673",2.35
Virginia,1/19/2002,"9,477",1/12/2002,"60,249","3,298,673",1.83
Virginia,1/26/2002,"8,379",1/19/2002,"58,774","3,298,673",1.78
Virginia,2/2/2002,"9,568",1/26/2002,"59,034","3,298,673",1.79
Virginia,2/9/2002,"8,170",2/2/2002,"59,461","3,298,673",1.8
Virginia,2/16/2002,"6,591",2/9/2002,"59,560","3,298,673",1.81
Virginia,2/23/2002,"6,329",2/16/2002,"58,876","3,298,673",1.78
Virginia,3/2/2002,"7,099",2/23/2002,"57,126","3,298,673",1.73
Virginia,3/9/2002,"6,478",3/2/2002,"57,948","3,298,673",1.76
Virginia,3/16/2002,"6,105",3/9/2002,"56,404","3,298,673",1.71
Virginia,3/23/2002,"6,543",3/16/2002,"56,563","3,298,673",1.71
Virginia,3/30/2002,"6,326",3/23/2002,"55,474","3,298,673",1.68
Virginia,4/6/2002,"6,445",3/30/2002,"56,131","3,298,673",1.7
Virginia,4/13/2002,"7,515",4/6/2002,"55,163","3,301,049",1.67
Virginia,4/20/2002,"6,338",4/13/2002,"52,169","3,301,049",1.58
Virginia,4/27/2002,"5,209",4/20/2002,"53,090","3,301,049",1.61
Virginia,5/4/2002,"5,701",4/27/2002,"51,077","3,301,049",1.55
Virginia,5/11/2002,"7,125",5/4/2002,"50,852","3,301,049",1.54
Virginia,5/18/2002,"6,914",5/11/2002,"50,273","3,301,049",1.52
Virginia,5/25/2002,"5,940",5/18/2002,"51,994","3,301,049",1.58
Virginia,6/1/2002,"4,656",5/25/2002,"49,227","3,301,049",1.49
Virginia,6/8/2002,"6,451",6/1/2002,"49,697","3,301,049",1.51
Virginia,6/15/2002,"5,891",6/8/2002,"50,382","3,301,049",1.53
Virginia,6/22/2002,"7,368",6/15/2002,"49,427","3,301,049",1.5
Virginia,6/29/2002,"6,834",6/22/2002,"49,958","3,301,049",1.51
Virginia,7/6/2002,"9,416",6/29/2002,"47,058","3,301,049",1.43
Virginia,7/13/2002,"11,908",7/6/2002,"56,896","3,290,896",1.73
Virginia,7/20/2002,"7,283",7/13/2002,"54,370","3,290,896",1.65
Virginia,7/27/2002,"6,313",7/20/2002,"50,223","3,290,896",1.53
Virginia,8/3/2002,"5,739",7/27/2002,"49,718","3,290,896",1.51
Virginia,8/10/2002,"5,851",8/3/2002,"49,514","3,290,896",1.5
Virginia,8/17/2002,"6,337",8/10/2002,"48,858","3,290,896",1.48
Virginia,8/24/2002,"5,280",8/17/2002,"49,249","3,290,896",1.5
Virginia,8/31/2002,"5,821",8/24/2002,"46,554","3,290,896",1.41
Virginia,9/7/2002,"7,158",8/31/2002,"44,976","3,290,896",1.37
Virginia,9/14/2002,"7,048",9/7/2002,"47,736","3,290,896",1.45
Virginia,9/21/2002,"5,883",9/14/2002,"45,630","3,290,896",1.39
Virginia,9/28/2002,"7,102",9/21/2002,"45,546","3,290,896",1.38
Virginia,10/5/2002,"6,710",9/28/2002,"45,939","3,290,896",1.4
Virginia,10/12/2002,"7,438",10/5/2002,"45,658","3,278,724",1.39
Virginia,10/19/2002,"5,567",10/12/2002,"45,015","3,278,724",1.37
Virginia,10/26/2002,"6,586",10/19/2002,"45,598","3,278,724",1.39
Virginia,11/2/2002,"8,192",10/26/2002,"45,213","3,278,724",1.38
Virginia,11/9/2002,"8,306",11/2/2002,"46,628","3,278,724",1.42
Virginia,11/16/2002,"7,750",11/9/2002,"47,367","3,278,724",1.44
Virginia,11/23/2002,"8,748",11/16/2002,"49,939","3,278,724",1.52
Virginia,11/30/2002,"6,455",11/23/2002,"45,343","3,278,724",1.38
Virginia,12/7/2002,"12,776",11/30/2002,"57,630","3,278,724",1.76
Virginia,12/14/2002,"10,535",12/7/2002,"51,583","3,278,724",1.57
Virginia,12/21/2002,"14,551",12/14/2002,"53,836","3,278,724",1.64
Virginia,12/28/2002,"10,978",12/21/2002,"49,189","3,278,724",1.5
Virginia,1/4/2003,"13,422",12/28/2002,"64,196","3,278,724",1.96
Virginia,1/11/2003,"19,814",1/4/2003,"78,568","3,269,345",2.4
Virginia,1/18/2003,"9,980",1/11/2003,"61,782","3,269,345",1.89
Virginia,1/25/2003,"7,847",1/18/2003,"59,975","3,269,345",1.83
Virginia,2/1/2003,"10,465",1/25/2003,"61,783","3,269,345",1.89
Virginia,2/8/2003,"8,119",2/1/2003,"60,616","3,269,345",1.85
Virginia,2/15/2003,"8,229",2/8/2003,"59,993","3,269,345",1.84
Virginia,2/22/2003,"7,891",2/15/2003,"58,370","3,269,345",1.79
Virginia,3/1/2003,"10,678",2/22/2003,"63,125","3,269,345",1.93
Virginia,3/8/2003,"9,811",3/1/2003,"62,910","3,269,345",1.92
Virginia,3/15/2003,"7,288",3/8/2003,"60,190","3,269,345",1.84
Virginia,3/22/2003,"7,809",3/15/2003,"58,468","3,269,345",1.79
Virginia,3/29/2003,"7,483",3/22/2003,"55,446","3,269,345",1.7
Virginia,4/5/2003,"7,285",3/29/2003,"54,747","3,269,345",1.67
Virginia,4/12/2003,"8,302",4/5/2003,"52,637","3,261,277",1.61
Virginia,4/19/2003,"7,542",4/12/2003,"54,385","3,261,277",1.67
Virginia,4/26/2003,"7,028",4/19/2003,"52,836","3,261,277",1.62
Virginia,5/3/2003,"6,522",4/26/2003,"50,465","3,261,277",1.55
Virginia,5/10/2003,"7,914",5/3/2003,"51,019","3,261,277",1.56
Virginia,5/17/2003,"7,001",5/10/2003,"50,464","3,261,277",1.55
Virginia,5/24/2003,"7,043",5/17/2003,"49,581","3,261,277",1.52
Virginia,5/31/2003,"10,091",5/24/2003,"51,554","3,261,277",1.58
Virginia,6/7/2003,"9,761",5/31/2003,"55,093","3,261,277",1.69
Virginia,6/14/2003,"7,386",6/7/2003,"51,048","3,261,277",1.57
Virginia,6/21/2003,"7,704",6/14/2003,"48,569","3,261,277",1.49
Virginia,6/28/2003,"7,354",6/21/2003,"49,751","3,261,277",1.53
Virginia,7/5/2003,"9,229",6/28/2003,"47,989","3,261,277",1.47
Virginia,7/12/2003,"10,842",7/5/2003,"53,757","3,258,322",1.65
Virginia,7/19/2003,"8,918",7/12/2003,"54,759","3,258,322",1.68
Virginia,7/26/2003,"6,145",7/19/2003,"49,920","3,258,322",1.53
Virginia,8/2/2003,"7,445",7/26/2003,"47,900","3,258,322",1.47
Virginia,8/9/2003,"6,642",8/2/2003,"48,730","3,258,322",1.5
Virginia,8/16/2003,"7,014",8/9/2003,"48,340","3,258,322",1.48
Virginia,8/23/2003,"6,446",8/16/2003,"45,548","3,258,322",1.4
Virginia,8/30/2003,"6,843",8/23/2003,"45,144","3,258,322",1.39
Virginia,9/6/2003,"6,474",8/30/2003,"42,889","3,258,322",1.32
Virginia,9/13/2003,"7,750",9/6/2003,"44,358","3,258,322",1.36
Virginia,9/20/2003,"4,586",9/13/2003,"39,953","3,258,322",1.23
Virginia,9/27/2003,"9,183",9/20/2003,"41,862","3,258,322",1.28
Virginia,10/4/2003,"7,892",9/27/2003,"41,773","3,258,322",1.28
Virginia,10/11/2003,"8,044",10/4/2003,"43,202","3,255,024",1.33
Virginia,10/18/2003,"5,687",10/11/2003,"40,317","3,255,024",1.24
Virginia,10/25/2003,"5,842",10/18/2003,"39,481","3,255,024",1.21
Virginia,11/1/2003,"6,373",10/25/2003,"38,820","3,255,024",1.19
Virginia,11/8/2003,"6,206",11/1/2003,"39,095","3,255,024",1.2
Virginia,11/15/2003,"5,664",11/8/2003,"38,607","3,255,024",1.19
Virginia,11/22/2003,"7,495",11/15/2003,"38,607","3,255,024",1.19
Virginia,11/29/2003,"5,484",11/22/2003,"36,851","3,255,024",1.13
Virginia,12/6/2003,"9,329",11/29/2003,"45,835","3,255,024",1.41
Virginia,12/13/2003,"8,353",12/6/2003,"40,828","3,255,024",1.25
Virginia,12/20/2003,"9,986",12/13/2003,"41,390","3,255,024",1.27
Virginia,12/27/2003,"10,654",12/20/2003,"37,718","3,255,024",1.16
Virginia,1/3/2004,"11,607",12/27/2003,"51,012","3,255,024",1.57
Virginia,1/10/2004,"14,817",1/3/2004,"59,505","3,253,495",1.83
Virginia,1/17/2004,"8,619",1/10/2004,"51,324","3,253,495",1.58
Virginia,1/24/2004,"6,966",1/17/2004,"47,460","3,253,495",1.46
Virginia,1/31/2004,"7,732",1/24/2004,"47,776","3,253,495",1.47
Virginia,2/7/2004,"9,912",1/31/2004,"51,006","3,253,495",1.57
Virginia,2/14/2004,"6,487",2/7/2004,"50,114","3,253,495",1.54
Virginia,2/21/2004,"5,659",2/14/2004,"46,653","3,253,495",1.43
Virginia,2/28/2004,"5,816",2/21/2004,"47,342","3,253,495",1.46
Virginia,3/6/2004,"5,646",2/28/2004,"45,111","3,253,495",1.39
Virginia,3/13/2004,"5,269",3/6/2004,"43,629","3,253,495",1.34
Virginia,3/20/2004,"4,745",3/13/2004,"41,484","3,253,495",1.28
Virginia,3/27/2004,"4,939",3/20/2004,"40,357","3,253,495",1.24
Virginia,4/3/2004,"5,005",3/27/2004,"39,197","3,253,495",1.2
Virginia,4/10/2004,"5,551",4/3/2004,"37,484","3,255,587",1.15
Virginia,4/17/2004,"4,951",4/10/2004,"36,528","3,255,587",1.12
Virginia,4/24/2004,"5,450",4/17/2004,"36,934","3,255,587",1.13
Virginia,5/1/2004,"4,585",4/24/2004,"35,174","3,255,587",1.08
Virginia,5/8/2004,"4,730",5/1/2004,"34,729","3,255,587",1.07
Virginia,5/15/2004,"5,855",5/8/2004,"34,387","3,255,587",1.06
Virginia,5/22/2004,"4,572",5/15/2004,"33,929","3,255,587",1.04
Virginia,5/29/2004,"4,467",5/22/2004,"33,375","3,255,587",1.03
Virginia,6/5/2004,"4,801",5/29/2004,"33,343","3,255,587",1.02
Virginia,6/12/2004,"5,612",6/5/2004,"33,769","3,255,587",1.04
Virginia,6/19/2004,"4,921",6/12/2004,"33,257","3,255,587",1.02
Virginia,6/26/2004,"4,818",6/19/2004,"33,459","3,255,587",1.03
Virginia,7/3/2004,"6,602",6/26/2004,"34,094","3,255,587",1.05
Virginia,7/10/2004,"6,603",7/3/2004,"33,399","3,263,780",1.02
Virginia,7/17/2004,"7,702",7/10/2004,"36,482","3,263,780",1.12
Virginia,7/24/2004,"5,628",7/17/2004,"38,771","3,263,780",1.19
Virginia,7/31/2004,"4,817",7/24/2004,"33,951","3,263,780",1.04
Virginia,8/7/2004,"4,585",7/31/2004,"33,759","3,263,780",1.03
Virginia,8/14/2004,"5,095",8/7/2004,"35,113","3,263,780",1.08
Virginia,8/21/2004,"4,052",8/14/2004,"32,634","3,263,780",1
Virginia,8/28/2004,"5,111",8/21/2004,"32,278","3,263,780",0.99
Virginia,9/4/2004,"4,333",8/28/2004,"30,312","3,263,780",0.93
Virginia,9/11/2004,"4,388",9/4/2004,"28,391","3,263,780",0.87
Virginia,9/18/2004,"4,441",9/11/2004,"31,290","3,263,780",0.96
Virginia,9/25/2004,"4,630",9/18/2004,"29,859","3,263,780",0.91
Virginia,10/2/2004,"4,768",9/25/2004,"28,620","3,263,780",0.88
Virginia,10/9/2004,"4,995",10/2/2004,"28,683","3,278,950",0.87
Virginia,10/16/2004,"4,097",10/9/2004,"28,301","3,278,950",0.86
Virginia,10/23/2004,"6,193",10/16/2004,"29,090","3,278,950",0.89
Virginia,10/30/2004,"4,768",10/23/2004,"29,142","3,278,950",0.89
Virginia,11/6/2004,"5,200",10/30/2004,"30,446","3,278,950",0.93
Virginia,11/13/2004,"4,697",11/6/2004,"28,626","3,278,950",0.87
Virginia,11/20/2004,"5,419",11/13/2004,"29,752","3,278,950",0.91
Virginia,11/27/2004,"4,757",11/20/2004,"28,570","3,278,950",0.87
Virginia,12/4/2004,"8,092",11/27/2004,"35,756","3,278,950",1.09
Virginia,12/11/2004,"5,054",12/4/2004,"30,241","3,278,950",0.92
Virginia,12/18/2004,"7,244",12/11/2004,"32,267","3,278,950",0.98
Virginia,12/25/2004,"7,634",12/18/2004,"31,110","3,278,950",0.95
Virginia,1/1/2005,"10,103",12/25/2004,"36,844","3,278,950",1.12
Virginia,1/8/2005,"11,644",1/1/2005,"46,875","3,299,584",1.42
Virginia,1/15/2005,"6,213",1/8/2005,"39,819","3,299,584",1.21
Virginia,1/22/2005,"6,194",1/15/2005,"37,562","3,299,584",1.14
Virginia,1/29/2005,"6,571",1/22/2005,"39,272","3,299,584",1.19
Virginia,2/5/2005,"5,284",1/29/2005,"38,764","3,299,584",1.17
Virginia,2/12/2005,"6,422",2/5/2005,"40,092","3,299,584",1.22
Virginia,2/19/2005,"5,031",2/12/2005,"37,811","3,299,584",1.15
Virginia,2/26/2005,"4,330",2/19/2005,"37,096","3,299,584",1.12
Virginia,3/5/2005,"5,012",2/26/2005,"37,596","3,299,584",1.14
Virginia,3/12/2005,"6,118",3/5/2005,"36,504","3,299,584",1.11
Virginia,3/19/2005,"4,891",3/12/2005,"36,471","3,299,584",1.11
Virginia,3/26/2005,"4,286",3/19/2005,"34,948","3,299,584",1.06
Virginia,4/2/2005,"3,804",3/26/2005,"33,295","3,299,584",1.01
Virginia,4/9/2005,"5,047",4/2/2005,"32,841","3,322,475",0.99
Virginia,4/16/2005,"3,994",4/9/2005,"31,620","3,322,475",0.95
Virginia,4/23/2005,"4,078",4/16/2005,"31,040","3,322,475",0.93
Virginia,4/30/2005,"4,301",4/23/2005,"30,365","3,322,475",0.91
Virginia,5/7/2005,"3,882",4/30/2005,"29,840","3,322,475",0.9
Virginia,5/14/2005,"4,338",5/7/2005,"29,141","3,322,475",0.88
Virginia,5/21/2005,"4,316",5/14/2005,"29,354","3,322,475",0.88
Virginia,5/28/2005,"4,940",5/21/2005,"29,149","3,322,475",0.88
Virginia,6/4/2005,"4,306",5/28/2005,"29,013","3,322,475",0.87
Virginia,6/11/2005,"4,925",6/4/2005,"30,690","3,322,475",0.92
Virginia,6/18/2005,"4,266",6/11/2005,"29,566","3,322,475",0.89
Virginia,6/25/2005,"5,024",6/18/2005,"29,946","3,322,475",0.9
Virginia,7/2/2005,"4,735",6/25/2005,"29,733","3,322,475",0.89
Virginia,7/9/2005,"7,106",7/2/2005,"32,365","3,344,181",0.97
Virginia,7/16/2005,"5,389",7/9/2005,"32,750","3,344,181",0.98
Virginia,7/23/2005,"5,962",7/16/2005,"32,095","3,344,181",0.96
Virginia,7/30/2005,"5,532",7/23/2005,"30,278","3,344,181",0.91
Virginia,8/6/2005,"3,889",7/30/2005,"29,356","3,344,181",0.88
Virginia,8/13/2005,"3,780",8/6/2005,"30,435","3,344,181",0.91
Virginia,8/20/2005,"4,535",8/13/2005,"28,555","3,344,181",0.85
Virginia,8/27/2005,"3,940",8/20/2005,"28,563","3,344,181",0.85
Virginia,9/3/2005,"4,110",8/27/2005,"27,641","3,344,181",0.83
Virginia,9/10/2005,"4,805",9/3/2005,"27,225","3,344,181",0.81
Virginia,9/17/2005,"5,116",9/10/2005,"28,073","3,344,181",0.84
Virginia,9/24/2005,"3,534",9/17/2005,"27,313","3,344,181",0.82
Virginia,10/1/2005,"3,426",9/24/2005,"25,502","3,344,181",0.76
Virginia,10/8/2005,"4,612",10/1/2005,"25,934","3,366,124",0.77
Virginia,10/15/2005,"3,758",10/8/2005,"25,511","3,366,124",0.76
Virginia,10/22/2005,"3,911",10/15/2005,"26,149","3,366,124",0.78
Virginia,10/29/2005,"3,965",10/22/2005,"25,932","3,366,124",0.77
Virginia,11/5/2005,"4,255",10/29/2005,"26,706","3,366,124",0.79
Virginia,11/12/2005,"3,427",11/5/2005,"25,282","3,366,124",0.75
Virginia,11/19/2005,"4,510",11/12/2005,"27,141","3,366,124",0.81
Virginia,11/26/2005,"3,694",11/19/2005,"25,125","3,366,124",0.75
Virginia,12/3/2005,"7,804",11/26/2005,"32,202","3,366,124",0.96
Virginia,12/10/2005,"5,981",12/3/2005,"29,163","3,366,124",0.87
Virginia,12/17/2005,"5,034",12/10/2005,"30,351","3,366,124",0.9
Virginia,12/24/2005,"6,825",12/17/2005,"30,217","3,366,124",0.9
Virginia,12/31/2005,"8,248",12/24/2005,"32,109","3,366,124",0.95
Virginia,1/7/2006,"10,491",12/31/2005,"38,699","3,366,124",1.15
Virginia,1/14/2006,"8,787",1/7/2006,"39,501","3,386,215",1.17
Virginia,1/21/2006,"5,873",1/14/2006,"35,423","3,386,215",1.05
Virginia,1/28/2006,"4,718",1/21/2006,"35,992","3,386,215",1.06
Virginia,2/4/2006,"6,985",1/28/2006,"34,681","3,386,215",1.02
Virginia,2/11/2006,"4,211",2/4/2006,"37,070","3,386,215",1.09
Virginia,2/18/2006,"3,987",2/11/2006,"34,550","3,386,215",1.02
Virginia,2/25/2006,"3,716",2/18/2006,"33,985","3,386,215",1
Virginia,3/4/2006,"4,136",2/25/2006,"33,565","3,386,215",0.99
Virginia,3/11/2006,"6,241",3/4/2006,"33,460","3,386,215",0.99
Virginia,3/18/2006,"4,105",3/11/2006,"33,881","3,386,215",1
Virginia,3/25/2006,"3,848",3/18/2006,"31,377","3,386,215",0.93
Virginia,4/1/2006,"3,673",3/25/2006,"29,615","3,386,215",0.87
Virginia,4/8/2006,"4,091",4/1/2006,"29,254","3,386,215",0.86
Virginia,4/15/2006,"3,339",4/8/2006,"27,772","3,407,647",0.81
Virginia,4/22/2006,"3,529",4/15/2006,"27,793","3,407,647",0.82
Virginia,4/29/2006,"3,916",4/22/2006,"27,847","3,407,647",0.82
Virginia,5/6/2006,"3,468",4/29/2006,"27,006","3,407,647",0.79
Virginia,5/13/2006,"4,892",5/6/2006,"27,342","3,407,647",0.8
Virginia,5/20/2006,"4,218",5/13/2006,"26,800","3,407,647",0.79
Virginia,5/27/2006,"3,913",5/20/2006,"26,885","3,407,647",0.79
Virginia,6/3/2006,"4,086",5/27/2006,"27,476","3,407,647",0.81
Virginia,6/10/2006,"4,476",6/3/2006,"27,775","3,407,647",0.82
Virginia,6/17/2006,"3,827",6/10/2006,"27,640","3,407,647",0.81
Virginia,6/24/2006,"4,122",6/17/2006,"27,696","3,407,647",0.81
Virginia,7/1/2006,"4,889",6/24/2006,"27,967","3,407,647",0.82
Virginia,7/8/2006,"6,107",7/1/2006,"29,071","3,407,647",0.85
Virginia,7/15/2006,"5,425",7/8/2006,"31,617","3,407,647",0.93
Virginia,7/22/2006,"5,122",7/15/2006,"30,921","3,425,438",0.9
Virginia,7/29/2006,"5,696",7/22/2006,"31,728","3,425,438",0.93
Virginia,8/5/2006,"4,247",7/29/2006,"29,169","3,425,438",0.85
Virginia,8/12/2006,"3,984",8/5/2006,"29,539","3,425,438",0.86
Virginia,8/19/2006,"5,583",8/12/2006,"29,823","3,425,438",0.87
Virginia,8/26/2006,"3,782",8/19/2006,"30,688","3,425,438",0.9
Virginia,9/2/2006,"4,400",8/26/2006,"27,440","3,425,438",0.8
Virginia,9/9/2006,"3,823",9/2/2006,"26,635","3,425,438",0.78
Virginia,9/16/2006,"6,288",9/9/2006,"27,201","3,425,438",0.79
Virginia,9/23/2006,"3,786",9/16/2006,"28,925","3,425,438",0.84
Virginia,9/30/2006,"3,941",9/23/2006,"28,581","3,425,438",0.83
Virginia,10/7/2006,"5,436",9/30/2006,"29,118","3,425,438",0.85
Virginia,10/14/2006,"3,670",10/7/2006,"28,971","3,445,400",0.84
Virginia,10/21/2006,"3,821",10/14/2006,"29,412","3,445,400",0.85
Virginia,10/28/2006,"5,793",10/21/2006,"28,270","3,445,400",0.82
Virginia,11/4/2006,"6,529",10/28/2006,"27,467","3,445,400",0.8
Virginia,11/11/2006,"4,679",11/4/2006,"28,251","3,445,400",0.82
Virginia,11/18/2006,"5,634",11/11/2006,"29,195","3,445,400",0.85
Virginia,11/25/2006,"4,935",11/18/2006,"27,742","3,445,400",0.81
Virginia,12/2/2006,"7,133",11/25/2006,"36,521","3,445,400",1.06
Virginia,12/9/2006,"5,726",12/2/2006,"29,564","3,445,400",0.86
Virginia,12/16/2006,"6,273",12/9/2006,"30,041","3,445,400",0.87
Virginia,12/23/2006,"8,292",12/16/2006,"30,727","3,445,400",0.89
Virginia,12/30/2006,"7,162",12/23/2006,"33,186","3,445,400",0.96
Virginia,1/6/2007,"9,239",12/30/2006,"39,678","3,445,400",1.15
Virginia,1/13/2007,"7,801",1/6/2007,"39,142","3,462,871",1.13
Virginia,1/20/2007,"6,309",1/13/2007,"35,868","3,462,871",1.04
Virginia,1/27/2007,"5,430",1/20/2007,"35,778","3,462,871",1.03
Virginia,2/3/2007,"7,716",1/27/2007,"35,479","3,462,871",1.02
Virginia,2/10/2007,"7,214",2/3/2007,"36,411","3,462,871",1.05
Virginia,2/17/2007,"4,956",2/10/2007,"39,869","3,462,871",1.15
Virginia,2/24/2007,"4,616",2/17/2007,"37,000","3,462,871",1.07
Virginia,3/3/2007,"5,549",2/24/2007,"37,298","3,462,871",1.08
Virginia,3/10/2007,"5,327",3/3/2007,"36,539","3,462,871",1.06
Virginia,3/17/2007,"4,962",3/10/2007,"36,293","3,462,871",1.05
Virginia,3/24/2007,"4,492",3/17/2007,"33,857","3,462,871",0.98
Virginia,3/31/2007,"4,114",3/24/2007,"33,155","3,462,871",0.96
Virginia,4/7/2007,"5,129",3/31/2007,"31,705","3,462,871",0.92
Virginia,4/14/2007,"4,089",4/7/2007,"31,546","3,472,476",0.91
Virginia,4/21/2007,"3,930",4/14/2007,"30,052","3,472,476",0.87
Virginia,4/28/2007,"4,071",4/21/2007,"30,132","3,472,476",0.87
Virginia,5/5/2007,"4,008",4/28/2007,"29,802","3,472,476",0.86
Virginia,5/12/2007,"4,594",5/5/2007,"29,384","3,472,476",0.85
Virginia,5/19/2007,"4,418",5/12/2007,"29,821","3,472,476",0.86
Virginia,5/26/2007,"3,958",5/19/2007,"29,511","3,472,476",0.85
Virginia,6/2/2007,"3,628",5/26/2007,"29,429","3,472,476",0.85
Virginia,6/9/2007,"4,537",6/2/2007,"30,699","3,472,476",0.88
Virginia,6/16/2007,"3,977",6/9/2007,"29,385","3,472,476",0.85
Virginia,6/23/2007,"3,997",6/16/2007,"29,554","3,472,476",0.85
Virginia,6/30/2007,"4,330",6/23/2007,"30,877","3,472,476",0.89
Virginia,7/7/2007,"4,912",6/30/2007,"29,369","3,482,688",0.84
Virginia,7/14/2007,"6,595",7/7/2007,"33,880","3,482,688",0.97
Virginia,7/21/2007,"4,730",7/14/2007,"31,639","3,482,688",0.91
Virginia,7/28/2007,"4,260",7/21/2007,"31,323","3,482,688",0.9
Virginia,8/4/2007,"4,034",7/28/2007,"30,998","3,482,688",0.89
Virginia,8/11/2007,"3,946",8/4/2007,"31,812","3,482,688",0.91
Virginia,8/18/2007,"4,220",8/11/2007,"30,845","3,482,688",0.89
Virginia,8/25/2007,"4,265",8/18/2007,"31,326","3,482,688",0.9
Virginia,9/1/2007,"3,752",8/25/2007,"29,319","3,482,688",0.84
Virginia,9/8/2007,"3,482",9/1/2007,"27,767","3,482,688",0.8
Virginia,9/15/2007,"4,097",9/8/2007,"28,946","3,482,688",0.83
Virginia,9/22/2007,"3,892",9/15/2007,"27,695","3,482,688",0.8
Virginia,9/29/2007,"3,568",9/22/2007,"27,349","3,482,688",0.79
Virginia,10/6/2007,"5,262",9/29/2007,"27,435","3,482,688",0.79
Virginia,10/13/2007,"4,021",10/6/2007,"26,737","3,490,285",0.77
Virginia,10/20/2007,"4,401",10/13/2007,"28,270","3,490,285",0.81
Virginia,10/27/2007,"4,256",10/20/2007,"27,929","3,490,285",0.8
Virginia,11/3/2007,"4,899",10/27/2007,"28,701","3,490,285",0.82
Virginia,11/10/2007,"6,219",11/3/2007,"29,592","3,490,285",0.85
Virginia,11/17/2007,"4,677",11/10/2007,"28,544","3,490,285",0.82
Virginia,11/24/2007,"4,203",11/17/2007,"28,571","3,490,285",0.82
Virginia,12/1/2007,"8,588",11/24/2007,"37,141","3,490,285",1.06
Virginia,12/8/2007,"6,011",12/1/2007,"32,811","3,490,285",0.94
Virginia,12/15/2007,"5,268",12/8/2007,"32,483","3,490,285",0.93
Virginia,12/22/2007,"7,329",12/15/2007,"33,817","3,490,285",0.97
Virginia,12/29/2007,"7,112",12/22/2007,"33,483","3,490,285",0.96
Virginia,1/5/2008,"9,541",12/29/2007,"42,630","3,490,285",1.22
Virginia,1/12/2008,"10,099",1/5/2008,"43,844","3,498,835",1.25
Virginia,1/19/2008,"6,352",1/12/2008,"39,995","3,498,835",1.14
Virginia,1/26/2008,"6,692",1/19/2008,"40,745","3,498,835",1.16
Virginia,2/2/2008,"6,178",1/26/2008,"41,421","3,498,835",1.18
Virginia,2/9/2008,"6,129",2/2/2008,"41,542","3,498,835",1.19
Virginia,2/16/2008,"5,686",2/9/2008,"41,982","3,498,835",1.2
Virginia,2/23/2008,"5,118",2/16/2008,"42,077","3,498,835",1.2
Virginia,3/1/2008,"5,470",2/23/2008,"42,009","3,498,835",1.2
Virginia,3/8/2008,"5,289",3/1/2008,"42,165","3,498,835",1.21
Virginia,3/15/2008,"5,007",3/8/2008,"41,391","3,498,835",1.18
Virginia,3/22/2008,"5,449",3/15/2008,"41,457","3,498,835",1.18
Virginia,3/29/2008,"4,649",3/22/2008,"40,255","3,498,835",1.15
Virginia,4/5/2008,"5,732",3/29/2008,"40,479","3,498,835",1.16
Virginia,4/12/2008,"4,768",4/5/2008,"38,367","3,507,359",1.09
Virginia,4/19/2008,"4,467",4/12/2008,"37,881","3,507,359",1.08
Virginia,4/26/2008,"4,455",4/19/2008,"37,112","3,507,359",1.06
Virginia,5/3/2008,"5,239",4/26/2008,"37,685","3,507,359",1.07
Virginia,5/10/2008,"5,095",5/3/2008,"37,101","3,507,359",1.06
Virginia,5/17/2008,"5,692",5/10/2008,"36,913","3,507,359",1.05
Virginia,5/24/2008,"4,835",5/17/2008,"37,256","3,507,359",1.06
Virginia,5/31/2008,"4,086",5/24/2008,"34,380","3,507,359",0.98
Virginia,6/7/2008,"5,399",5/31/2008,"38,417","3,507,359",1.1
Virginia,6/14/2008,"5,138",6/7/2008,"38,362","3,507,359",1.09
Virginia,6/21/2008,"4,925",6/14/2008,"38,012","3,507,359",1.08
Virginia,6/28/2008,"4,692",6/21/2008,"39,049","3,507,359",1.11
Virginia,7/5/2008,"4,801",6/28/2008,"38,261","3,507,359",1.09
Virginia,7/12/2008,"7,766",7/5/2008,"42,204","3,514,726",1.2
Virginia,7/19/2008,"6,575",7/12/2008,"41,535","3,514,726",1.18
Virginia,7/26/2008,"4,887",7/19/2008,"40,547","3,514,726",1.15
Virginia,8/2/2008,"5,151",7/26/2008,"40,961","3,514,726",1.17
Virginia,8/9/2008,"5,251",8/2/2008,"40,125","3,514,726",1.14
Virginia,8/16/2008,"4,904",8/9/2008,"40,265","3,514,726",1.15
Virginia,8/23/2008,"5,115",8/16/2008,"39,699","3,514,726",1.13
Virginia,8/30/2008,"4,895",8/23/2008,"38,835","3,514,726",1.1
Virginia,9/6/2008,"5,239",8/30/2008,"37,772","3,514,726",1.07
Virginia,9/13/2008,"6,846",9/6/2008,"40,053","3,514,726",1.14
Virginia,9/20/2008,"5,394",9/13/2008,"38,436","3,514,726",1.09
Virginia,9/27/2008,"5,944",9/20/2008,"39,696","3,514,726",1.13
Virginia,10/4/2008,"7,418",9/27/2008,"39,422","3,514,726",1.12
Virginia,10/11/2008,"6,655",10/4/2008,"40,111","3,521,911",1.14
Virginia,10/18/2008,"7,553",10/11/2008,"42,205","3,521,911",1.2
Virginia,10/25/2008,"7,894",10/18/2008,"43,325","3,521,911",1.23
Virginia,11/1/2008,"7,666",10/25/2008,"43,692","3,521,911",1.24
Virginia,11/8/2008,"10,354",11/1/2008,"47,199","3,521,911",1.34
Virginia,11/15/2008,"7,993",11/8/2008,"45,811","3,521,911",1.3
Virginia,11/22/2008,"11,360",11/15/2008,"52,354","3,521,911",1.49
Virginia,11/29/2008,"6,946",11/22/2008,"50,138","3,521,911",1.42
Virginia,12/6/2008,"16,289",11/29/2008,"64,608","3,521,911",1.83
Virginia,12/13/2008,"9,917",12/6/2008,"59,927","3,521,911",1.7
Virginia,12/20/2008,"13,929",12/13/2008,"62,785","3,521,911",1.78
Virginia,12/27/2008,"7,986",12/20/2008,"57,999","3,521,911",1.65
Virginia,1/3/2009,"15,348",12/27/2008,"74,389","3,521,911",2.11
Virginia,1/10/2009,"21,862",1/3/2009,"86,640","3,521,166",2.46
Virginia,1/17/2009,"12,548",1/10/2009,"80,905","3,521,166",2.3
Virginia,1/24/2009,"13,230",1/17/2009,"80,927","3,521,166",2.3
Virginia,1/31/2009,"11,293",1/24/2009,"83,250","3,521,166",2.36
Virginia,2/7/2009,"12,396",1/31/2009,"85,019","3,521,166",2.41
Virginia,2/14/2009,"13,308",2/7/2009,"88,123","3,521,166",2.5
Virginia,2/21/2009,"9,818",2/14/2009,"88,062","3,521,166",2.5
Virginia,2/28/2009,"11,919",2/21/2009,"92,330","3,521,166",2.62
Virginia,3/7/2009,"12,100",2/28/2009,"91,337","3,521,166",2.59
Virginia,3/14/2009,"11,743",3/7/2009,"93,224","3,521,166",2.65
Virginia,3/21/2009,"10,336",3/14/2009,"93,999","3,521,166",2.67
Virginia,3/28/2009,"11,916",3/21/2009,"96,753","3,521,166",2.75
Virginia,4/4/2009,"12,191",3/28/2009,"95,756","3,521,166",2.72
Virginia,4/11/2009,"9,518",4/4/2009,"92,661","3,518,347",2.63
Virginia,4/18/2009,"9,777",4/11/2009,"91,797","3,518,347",2.61
Virginia,4/25/2009,"9,117",4/18/2009,"92,408","3,518,347",2.63
Virginia,5/2/2009,"7,388",4/25/2009,"90,954","3,518,347",2.59
Virginia,5/9/2009,"10,259",5/2/2009,"90,187","3,518,347",2.56
Virginia,5/16/2009,"9,811",5/9/2009,"89,408","3,518,347",2.54
Virginia,5/23/2009,"8,646",5/16/2009,"90,651","3,518,347",2.58
Virginia,5/30/2009,"7,866",5/23/2009,"90,249","3,518,347",2.57
Virginia,6/6/2009,"10,374",5/30/2009,"92,513","3,518,347",2.63
Virginia,6/13/2009,"9,572",6/6/2009,"88,495","3,518,347",2.52
Virginia,6/20/2009,"8,877",6/13/2009,"89,554","3,518,347",2.55
Virginia,6/27/2009,"8,361",6/20/2009,"90,243","3,518,347",2.56
Virginia,7/4/2009,"8,536",6/27/2009,"89,776","3,518,347",2.55
Virginia,7/11/2009,"11,161",7/4/2009,"91,559","3,508,677",2.61
Virginia,7/18/2009,"11,066",7/11/2009,"90,938","3,508,677",2.59
Virginia,7/25/2009,"8,091",7/18/2009,"87,824","3,508,677",2.5
Virginia,8/1/2009,"7,480",7/25/2009,"87,694","3,508,677",2.5
Virginia,8/8/2009,"7,908",8/1/2009,"85,208","3,508,677",2.43
Virginia,8/15/2009,"7,735",8/8/2009,"84,163","3,508,677",2.4
Virginia,8/22/2009,"7,228",8/15/2009,"82,749","3,508,677",2.36
Virginia,8/29/2009,"6,898",8/22/2009,"79,987","3,508,677",2.28
Virginia,9/5/2009,"7,638",8/29/2009,"77,743","3,508,677",2.22
Virginia,9/12/2009,"7,295",9/5/2009,"75,258","3,508,677",2.14
Virginia,9/19/2009,"7,620",9/12/2009,"74,590","3,508,677",2.13
Virginia,9/26/2009,"7,381",9/19/2009,"72,208","3,508,677",2.06
Virginia,10/3/2009,"7,886",9/26/2009,"72,602","3,508,677",2.07
Virginia,10/10/2009,"7,892",10/3/2009,"71,194","3,480,661",2.05
Virginia,10/17/2009,"7,186",10/10/2009,"70,540","3,480,661",2.03
Virginia,10/24/2009,"7,378",10/17/2009,"70,201","3,480,661",2.02
Virginia,10/31/2009,"7,327",10/24/2009,"69,171","3,480,661",1.99
Virginia,11/7/2009,"9,211",10/31/2009,"68,478","3,480,661",1.97
Virginia,11/14/2009,"7,750",11/7/2009,"67,202","3,480,661",1.93
Virginia,11/21/2009,"9,416",11/14/2009,"70,126","3,480,661",2.01
Virginia,11/28/2009,"5,958",11/21/2009,"66,593","3,480,661",1.91
Virginia,12/5/2009,"12,132",11/28/2009,"76,027","3,480,661",2.18
Virginia,12/12/2009,"9,553",12/5/2009,"70,729","3,480,661",2.03
Virginia,12/19/2009,"9,566",12/12/2009,"72,468","3,480,661",2.08
Virginia,12/26/2009,"9,141",12/19/2009,"69,368","3,480,661",1.99
Virginia,1/2/2010,"9,142",12/26/2009,"72,252","3,480,661",2.08
Virginia,1/9/2010,"17,410",1/2/2010,"85,910","3,447,322",2.49
Virginia,1/16/2010,"11,037",1/9/2010,"82,506","3,447,322",2.39
Virginia,1/23/2010,"10,971",1/16/2010,"79,716","3,447,322",2.31
Virginia,1/30/2010,"9,744",1/23/2010,"80,800","3,447,322",2.34
Virginia,2/6/2010,"9,093",1/30/2010,"79,468","3,447,322",2.31
Virginia,2/13/2010,"9,652",2/6/2010,"79,365","3,447,322",2.3
Virginia,2/20/2010,"9,399",2/13/2010,"80,479","3,447,322",2.33
Virginia,2/27/2010,"8,707",2/20/2010,"80,611","3,447,322",2.34
Virginia,3/6/2010,"9,183",2/27/2010,"85,469","3,447,322",2.48
Virginia,3/13/2010,"7,724",3/6/2010,"81,854","3,447,322",2.37
Virginia,3/20/2010,"7,571",3/13/2010,"82,313","3,447,322",2.39
Virginia,3/27/2010,"7,260",3/20/2010,"79,342","3,447,322",2.3
Virginia,4/3/2010,"7,192",3/27/2010,"77,970","3,447,322",2.26
Virginia,4/10/2010,"7,290",4/3/2010,"73,382","3,410,058",2.15
Virginia,4/17/2010,"7,103",4/10/2010,"66,967","3,410,058",1.96
Virginia,4/24/2010,"7,095",4/17/2010,"71,316","3,410,058",2.09
Virginia,5/1/2010,"6,283",4/24/2010,"70,482","3,410,058",2.07
Virginia,5/8/2010,"6,884",5/1/2010,"56,220","3,410,058",1.65
Virginia,5/15/2010,"7,421",5/8/2010,"61,130","3,410,058",1.79
Virginia,5/22/2010,"7,237",5/15/2010,"60,861","3,410,058",1.78
Virginia,5/29/2010,"6,325",5/22/2010,"60,200","3,410,058",1.77
Virginia,6/5/2010,"6,490",5/29/2010,"59,671","3,410,058",1.75
Virginia,6/12/2010,"6,990",6/5/2010,"60,560","3,410,058",1.78
Virginia,6/19/2010,"6,896",6/12/2010,"60,427","3,410,058",1.77
Virginia,6/26/2010,"6,958",6/19/2010,"60,788","3,410,058",1.78
Virginia,7/3/2010,"7,185",6/26/2010,"61,109","3,410,058",1.79
Virginia,7/10/2010,"7,425",7/3/2010,"61,010","3,379,797",1.81
Virginia,7/17/2010,"8,114",7/10/2010,"64,253","3,379,797",1.9
Virginia,7/24/2010,"6,821",7/17/2010,"63,547","3,379,797",1.88
Virginia,7/31/2010,"6,873",7/24/2010,"64,191","3,379,797",1.9
Virginia,8/7/2010,"6,742",7/31/2010,"63,395","3,379,797",1.88
Virginia,8/14/2010,"7,198",8/7/2010,"60,967","3,379,797",1.8
Virginia,8/21/2010,"6,525",8/14/2010,"59,421","3,379,797",1.76
Virginia,8/28/2010,"6,132",8/21/2010,"57,506","3,379,797",1.7
Virginia,9/4/2010,"5,423",8/28/2010,"52,120","3,379,797",1.54
Virginia,9/11/2010,"5,965",9/4/2010,"53,723","3,379,797",1.59
Virginia,9/18/2010,"6,299",9/11/2010,"48,799","3,379,797",1.44
Virginia,9/25/2010,"6,074",9/18/2010,"53,226","3,379,797",1.57
Virginia,10/2/2010,"6,405",9/25/2010,"53,054","3,379,797",1.57
Virginia,10/9/2010,"7,733",10/2/2010,"52,891","3,358,813",1.57
Virginia,10/16/2010,"6,254",10/9/2010,"47,332","3,358,813",1.41
Virginia,10/23/2010,"6,488",10/16/2010,"52,349","3,358,813",1.56
Virginia,10/30/2010,"7,532",10/23/2010,"53,575","3,358,813",1.6
Virginia,11/6/2010,"7,197",10/30/2010,"51,948","3,358,813",1.55
Virginia,11/13/2010,"6,345",11/6/2010,"52,184","3,358,813",1.55
Virginia,11/20/2010,"7,168",11/13/2010,"52,327","3,358,813",1.56
Virginia,11/27/2010,"5,609",11/20/2010,"50,844","3,358,813",1.51
Virginia,12/4/2010,"10,371",11/27/2010,"58,188","3,358,813",1.73
Virginia,12/11/2010,"8,053",12/4/2010,"49,316","3,358,813",1.47
Virginia,12/18/2010,"8,391",12/11/2010,"55,427","3,358,813",1.65
Virginia,12/25/2010,"8,116",12/18/2010,"56,545","3,358,813",1.68
Virginia,1/1/2011,"11,057",12/25/2010,"62,590","3,358,813",1.86
Virginia,1/8/2011,"14,983",1/1/2011,"69,287","3,354,794",2.07
Virginia,1/15/2011,"8,876",1/8/2011,"63,684","3,354,794",1.9
Virginia,1/22/2011,"9,165",1/15/2011,"64,798","3,354,794",1.93
Virginia,1/29/2011,"7,603",1/22/2011,"64,273","3,354,794",1.92
Virginia,2/5/2011,"8,069",1/29/2011,"64,761","3,354,794",1.93
Virginia,2/12/2011,"6,913",2/5/2011,"63,270","3,354,794",1.89
Virginia,2/19/2011,"6,329",2/12/2011,"62,055","3,354,794",1.85
Virginia,2/26/2011,"6,015",2/19/2011,"60,551","3,354,794",1.8
Virginia,3/5/2011,"7,015",2/26/2011,"60,673","3,354,794",1.81
Virginia,3/12/2011,"6,661",3/5/2011,"59,346","3,354,794",1.77
Virginia,3/19/2011,"5,839",3/12/2011,"57,800","3,354,794",1.72
Virginia,3/26/2011,"5,719",3/19/2011,"55,953","3,354,794",1.67
Virginia,4/2/2011,"5,772",3/26/2011,"54,537","3,354,794",1.63
Virginia,4/9/2011,"6,700",4/2/2011,"52,724","3,356,807",1.57
Virginia,4/16/2011,"5,660",4/9/2011,"51,912","3,356,807",1.55
Virginia,4/23/2011,"5,596",4/16/2011,"50,553","3,356,807",1.51
Virginia,4/30/2011,"5,956",4/23/2011,"50,421","3,356,807",1.5
Virginia,5/7/2011,"6,287",4/30/2011,"49,521","3,356,807",1.48
Virginia,5/14/2011,"6,111",5/7/2011,"49,001","3,356,807",1.46
Virginia,5/21/2011,"6,366",5/14/2011,"49,335","3,356,807",1.47
Virginia,5/28/2011,"5,788",5/21/2011,"48,740","3,356,807",1.45
Virginia,6/4/2011,"5,554",5/28/2011,"48,512","3,356,807",1.45
Virginia,6/11/2011,"6,972",6/4/2011,"49,629","3,356,807",1.48
Virginia,6/18/2011,"6,294",6/11/2011,"49,463","3,356,807",1.47
Virginia,6/25/2011,"6,224",6/18/2011,"50,056","3,356,807",1.49
Virginia,7/2/2011,"6,259",6/25/2011,"49,759","3,356,807",1.48
Virginia,7/9/2011,"6,958",7/2/2011,"49,802","3,356,807",1.48
Virginia,7/16/2011,"7,477",7/9/2011,"52,511","3,361,781",1.56
Virginia,7/23/2011,"6,169",7/16/2011,"50,738","3,361,781",1.51
Virginia,7/30/2011,"5,635",7/23/2011,"49,880","3,361,781",1.48
Virginia,8/6/2011,"6,263",7/30/2011,"49,859","3,361,781",1.48
Virginia,8/13/2011,"5,968",8/6/2011,"49,826","3,361,781",1.48
Virginia,8/20/2011,"6,278",8/13/2011,"50,070","3,361,781",1.49
Virginia,8/27/2011,"5,433",8/20/2011,"48,566","3,361,781",1.44
Virginia,9/3/2011,"5,217",8/27/2011,"47,257","3,361,781",1.41
Virginia,9/10/2011,"5,884",9/3/2011,"46,217","3,361,781",1.37
Virginia,9/17/2011,"5,937",9/10/2011,"46,776","3,361,781",1.39
Virginia,9/24/2011,"5,489",9/17/2011,"45,930","3,361,781",1.37
Virginia,10/1/2011,"5,971",9/24/2011,"45,165","3,361,781",1.34
Virginia,10/8/2011,"6,841",10/1/2011,"45,609","3,373,281",1.35
Virginia,10/15/2011,"6,514",10/8/2011,"46,219","3,373,281",1.37
Virginia,10/22/2011,"6,152",10/15/2011,"46,317","3,373,281",1.37
Virginia,10/29/2011,"6,004",10/22/2011,"46,435","3,373,281",1.38
Virginia,11/5/2011,"6,604",10/29/2011,"46,081","3,373,281",1.37
Virginia,11/12/2011,"5,532",11/5/2011,"45,378","3,373,281",1.35
Virginia,11/19/2011,"6,914",11/12/2011,"46,122","3,373,281",1.37
Virginia,11/26/2011,"5,242",11/19/2011,"45,194","3,373,281",1.34
Virginia,12/3/2011,"9,300",11/26/2011,"51,770","3,373,281",1.53
Virginia,12/10/2011,"6,875",12/3/2011,"48,935","3,373,281",1.45
Virginia,12/17/2011,"7,269",12/10/2011,"49,533","3,373,281",1.47
Virginia,12/24/2011,"7,290",12/17/2011,"48,098","3,373,281",1.43
Virginia,12/31/2011,"10,289",12/24/2011,"51,664","3,373,281",1.53
Virginia,1/7/2012,"13,485",12/31/2011,"58,425","3,373,281",1.73
Virginia,1/14/2012,"9,064",1/7/2012,"58,990","3,373,281",1.75
Virginia,1/21/2012,"8,120",1/14/2012,"56,778","3,381,937",1.68
Virginia,1/28/2012,"7,286",1/21/2012,"55,840","3,381,937",1.65
Virginia,2/4/2012,"7,258",1/28/2012,"56,977","3,381,937",1.68
Virginia,2/11/2012,"6,458",2/4/2012,"55,887","3,381,937",1.65
Virginia,2/18/2012,"5,840",2/11/2012,"55,478","3,381,937",1.64
Virginia,2/25/2012,"5,445",2/18/2012,"54,306","3,381,937",1.61
Virginia,3/3/2012,"6,999",2/25/2012,"54,885","3,381,937",1.62
Virginia,3/10/2012,"6,282",3/3/2012,"53,496","3,381,937",1.58
Virginia,3/17/2012,"5,269",3/10/2012,"53,785","3,381,937",1.59
Virginia,3/24/2012,"5,134",3/17/2012,"51,298","3,381,937",1.52
Virginia,3/31/2012,"4,896",3/24/2012,"49,313","3,381,937",1.46
Virginia,4/7/2012,"5,693",3/31/2012,"47,543","3,381,937",1.41
Virginia,4/14/2012,"5,442",4/7/2012,"46,612","3,381,937",1.38
Virginia,4/21/2012,"5,335",4/14/2012,"46,341","3,394,325",1.37
Virginia,4/28/2012,"5,979",4/21/2012,"45,625","3,394,325",1.34
Virginia,5/5/2012,"5,978",4/28/2012,"44,234","3,394,325",1.3
Virginia,5/12/2012,"5,784",5/5/2012,"45,676","3,394,325",1.35
Virginia,5/19/2012,"5,813",5/12/2012,"44,660","3,394,325",1.32
Virginia,5/26/2012,"5,538",5/19/2012,"45,261","3,394,325",1.33
Virginia,6/2/2012,"6,376",5/26/2012,"44,916","3,394,325",1.32
Virginia,6/9/2012,"6,762",6/2/2012,"46,154","3,394,325",1.36
Virginia,6/16/2012,"5,645",6/9/2012,"46,980","3,394,325",1.38
Virginia,6/23/2012,"6,000",6/16/2012,"46,304","3,394,325",1.36
Virginia,6/30/2012,"5,783",6/23/2012,"46,161","3,394,325",1.36
Virginia,7/7/2012,"6,679",6/30/2012,"45,687","3,394,325",1.35
Virginia,7/14/2012,"7,916",7/7/2012,"50,350","3,404,976",1.48
Virginia,7/21/2012,"5,431",7/14/2012,"47,491","3,404,976",1.39
Virginia,7/28/2012,"5,262",7/21/2012,"46,696","3,404,976",1.37
Virginia,8/4/2012,"5,348",7/28/2012,"46,030","3,404,976",1.35
Virginia,8/11/2012,"5,348",8/4/2012,"46,080","3,404,976",1.35
Virginia,8/18/2012,"4,868",8/11/2012,"45,874","3,404,976",1.35
Virginia,8/25/2012,"4,774",8/18/2012,"44,555","3,404,976",1.31
Virginia,9/1/2012,"4,829",8/25/2012,"43,232","3,404,976",1.27
Virginia,9/8/2012,"5,145",9/1/2012,"40,995","3,404,976",1.2
Virginia,9/15/2012,"6,854",9/8/2012,"42,076","3,404,976",1.24
Virginia,9/22/2012,"4,885",9/15/2012,"41,276","3,404,976",1.21
Virginia,9/29/2012,"4,949",9/22/2012,"42,467","3,404,976",1.25
Virginia,10/6/2012,"5,731",9/29/2012,"41,225","3,404,976",1.21
Virginia,10/13/2012,"6,586",10/6/2012,"40,478","3,416,721",1.18
Virginia,10/20/2012,"5,481",10/13/2012,"40,982","3,416,721",1.2
Virginia,10/27/2012,"5,113",10/20/2012,"42,366","3,416,721",1.24
Virginia,11/3/2012,"5,097",10/27/2012,"40,470","3,416,721",1.18
Virginia,11/10/2012,"6,309",11/3/2012,"41,764","3,416,721",1.22
Virginia,11/17/2012,"6,176",11/10/2012,"41,707","3,416,721",1.22
Virginia,11/24/2012,"4,438",11/17/2012,"40,435","3,416,721",1.18
Virginia,12/1/2012,"7,764",11/24/2012,"46,861","3,416,721",1.37
Virginia,12/8/2012,"6,360",12/1/2012,"44,049","3,416,721",1.29
Virginia,12/15/2012,"6,472",12/8/2012,"44,224","3,416,721",1.29
Virginia,12/22/2012,"9,838",12/15/2012,"45,503","3,416,721",1.33
Virginia,12/29/2012,"6,690",12/22/2012,"43,686","3,416,721",1.28
Virginia,1/5/2013,"9,979",12/29/2012,"52,113","3,416,721",1.53
Virginia,1/12/2013,"10,872",1/5/2013,"54,464","3,425,781",1.59
Virginia,1/19/2013,"6,793",1/12/2013,"53,586","3,425,781",1.56
Virginia,1/26/2013,"7,254",1/19/2013,"53,507","3,425,781",1.56
Virginia,2/2/2013,"6,633",1/26/2013,"52,949","3,425,781",1.55
Virginia,2/9/2013,"7,098",2/2/2013,"52,759","3,425,781",1.54
Virginia,2/16/2013,"5,732",2/9/2013,"52,128","3,425,781",1.52
Virginia,2/23/2013,"5,148",2/16/2013,"52,492","3,425,781",1.53
Virginia,3/2/2013,"5,070",2/23/2013,"50,971","3,425,781",1.49
Virginia,3/9/2013,"4,997",3/2/2013,"49,553","3,425,781",1.45
Virginia,3/16/2013,"6,162",3/9/2013,"48,881","3,425,781",1.43
Virginia,3/23/2013,"5,045",3/16/2013,"48,028","3,425,781",1.4
Virginia,3/30/2013,"4,557",3/23/2013,"47,883","3,425,781",1.4
Virginia,4/6/2013,"4,946",3/30/2013,"45,661","3,425,781",1.33
Virginia,4/13/2013,"5,029",4/6/2013,"45,313","3,433,701",1.32
Virginia,4/20/2013,"5,012",4/13/2013,"44,076","3,433,701",1.28
Virginia,4/27/2013,"4,323",4/20/2013,"42,834","3,433,701",1.25
Virginia,5/4/2013,"4,760",4/27/2013,"42,292","3,433,701",1.23
Virginia,5/11/2013,"5,394",5/4/2013,"42,098","3,433,701",1.23
Virginia,5/18/2013,"5,396",5/11/2013,"41,819","3,433,701",1.22
Virginia,5/25/2013,"4,941",5/18/2013,"42,503","3,433,701",1.24
Virginia,6/1/2013,"4,362",5/25/2013,"41,213","3,433,701",1.2
Virginia,6/8/2013,"5,841",6/1/2013,"42,661","3,433,701",1.24
Virginia,6/15/2013,"4,866",6/8/2013,"42,586","3,433,701",1.24
Virginia,6/22/2013,"4,938",6/15/2013,"43,168","3,433,701",1.26
Virginia,6/29/2013,"4,757",6/22/2013,"43,013","3,433,701",1.25
Virginia,7/6/2013,"5,373",6/29/2013,"42,069","3,433,701",1.23
Virginia,7/13/2013,"6,659",7/6/2013,"45,697","3,443,225",1.33
Virginia,7/20/2013,"5,309",7/13/2013,"43,981","3,443,225",1.28
Virginia,7/27/2013,"4,523",7/20/2013,"43,022","3,443,225",1.25
Virginia,8/3/2013,"4,865",7/27/2013,"42,568","3,443,225",1.24
Virginia,8/10/2013,"4,686",8/3/2013,"42,536","3,443,225",1.24
Virginia,8/17/2013,"4,474",8/10/2013,"42,628","3,443,225",1.24
Virginia,8/24/2013,"4,191",8/17/2013,"41,505","3,443,225",1.21
Virginia,8/31/2013,"4,456",8/24/2013,"40,108","3,443,225",1.16
Virginia,9/7/2013,"4,383",8/31/2013,"38,345","3,443,225",1.11
Virginia,9/14/2013,"4,446",9/7/2013,"38,451","3,443,225",1.12
Virginia,9/21/2013,"4,413",9/14/2013,"38,162","3,443,225",1.11
Virginia,9/28/2013,"4,367",9/21/2013,"37,779","3,443,225",1.1
Virginia,10/5/2013,"8,294",9/28/2013,"37,483","3,443,225",1.09
Virginia,10/12/2013,"8,569",10/5/2013,"37,482","3,451,518",1.09
Virginia,10/19/2013,"6,791",10/12/2013,"38,970","3,451,518",1.13
Virginia,10/26/2013,"4,984",10/19/2013,"38,262","3,451,518",1.11
Virginia,11/2/2013,"4,958",10/26/2013,"37,717","3,451,518",1.09
Virginia,11/9/2013,"5,687",11/2/2013,"37,991","3,451,518",1.1
Virginia,11/16/2013,"5,053",11/9/2013,"38,212","3,451,518",1.11
Virginia,11/23/2013,"4,981",11/16/2013,"38,829","3,451,518",1.12
Virginia,11/30/2013,"4,267",11/23/2013,"36,874","3,451,518",1.07
Virginia,12/7/2013,"7,382",11/30/2013,"42,309","3,451,518",1.23
Virginia,12/14/2013,"6,214",12/7/2013,"40,544","3,451,518",1.17
Virginia,12/21/2013,"7,082",12/14/2013,"41,242","3,451,518",1.19
Virginia,12/28/2013,"5,690",12/21/2013,"39,441","3,451,518",1.14
Virginia,1/4/2014,"9,515",12/28/2013,"47,304","3,451,518",1.37
Virginia,1/11/2014,"9,173",1/4/2014,"49,921","3,458,986",1.44
Virginia,1/18/2014,"5,959",1/11/2014,"48,534","3,458,986",1.4
Virginia,1/25/2014,"5,734",1/18/2014,"47,220","3,458,986",1.37
Virginia,2/1/2014,"5,705",1/25/2014,"48,551","3,458,986",1.4
Virginia,2/8/2014,"5,618",2/1/2014,"45,273","3,458,986",1.31
Virginia,2/15/2014,"4,009",2/8/2014,"46,647","3,458,986",1.35
Virginia,2/22/2014,"4,937",2/15/2014,"47,174","3,458,986",1.36
Virginia,3/1/2014,"4,139",2/22/2014,"46,284","3,458,986",1.34
Virginia,3/8/2014,"4,036",3/1/2014,"44,256","3,458,986",1.28
Virginia,3/15/2014,"4,549",3/8/2014,"43,734","3,458,986",1.26
Virginia,3/22/2014,"4,201",3/15/2014,"42,954","3,458,986",1.24
Virginia,3/29/2014,"3,964",3/22/2014,"41,857","3,458,986",1.21
Virginia,4/5/2014,"4,296",3/29/2014,"40,254","3,458,986",1.16
Virginia,4/12/2014,"4,165",4/5/2014,"38,772","3,463,993",1.12
Virginia,4/19/2014,"3,810",4/12/2014,"37,816","3,463,993",1.09
Virginia,4/26/2014,"3,888",4/19/2014,"37,133","3,463,993",1.07
Virginia,5/3/2014,"4,231",4/26/2014,"36,400","3,463,993",1.05
Virginia,5/10/2014,"4,284",5/3/2014,"35,291","3,463,993",1.02
Virginia,5/17/2014,"4,720",5/10/2014,"35,396","3,463,993",1.02
Virginia,5/24/2014,"4,302",5/17/2014,"35,948","3,463,993",1.04
Virginia,5/31/2014,"3,968",5/24/2014,"35,335","3,463,993",1.02
Virginia,6/7/2014,"4,710",5/31/2014,"35,843","3,463,993",1.03
Virginia,6/14/2014,"4,363",6/7/2014,"35,983","3,463,993",1.04
Virginia,6/21/2014,"4,514",6/14/2014,"35,656","3,463,993",1.03
Virginia,6/28/2014,"4,195",6/21/2014,"36,067","3,463,993",1.04
Virginia,7/5/2014,"4,294",6/28/2014,"34,255","3,463,993",0.99
Virginia,7/12/2014,"6,063",7/5/2014,"38,580","3,466,760",1.11
Virginia,7/19/2014,"3,893",7/12/2014,"36,264","3,466,760",1.05
Virginia,7/26/2014,"3,824",7/19/2014,"35,797","3,466,760",1.03
Virginia,8/2/2014,"4,028",7/26/2014,"34,858","3,466,760",1.01
Virginia,8/9/2014,"4,092",8/2/2014,"35,486","3,466,760",1.02
Virginia,8/16/2014,"4,155",8/9/2014,"35,593","3,466,760",1.03
Virginia,8/23/2014,"3,887",8/16/2014,"34,627","3,466,760",1
Virginia,8/30/2014,"3,858",8/23/2014,"33,714","3,466,760",0.97
Virginia,9/6/2014,"3,812",8/30/2014,"31,765","3,466,760",0.92
Virginia,9/13/2014,"3,972",9/6/2014,"32,234","3,466,760",0.93
Virginia,9/20/2014,"3,523",9/13/2014,"31,284","3,466,760",0.9
Virginia,9/27/2014,"3,428",9/20/2014,"30,973","3,466,760",0.89
Virginia,10/4/2014,"4,076",9/27/2014,"30,964","3,466,760",0.89
Virginia,10/11/2014,"4,286",10/4/2014,"30,848","3,467,574",0.89
Virginia,10/18/2014,"3,558",10/11/2014,"30,415","3,467,574",0.88
Virginia,10/25/2014,"3,782",10/18/2014,"30,733","3,467,574",0.89
Virginia,11/1/2014,"3,699",10/25/2014,"30,585","3,467,574",0.88
Virginia,11/8/2014,"4,326",11/1/2014,"30,647","3,467,574",0.88
Virginia,11/15/2014,"4,017",11/8/2014,"30,543","3,467,574",0.88
Virginia,11/22/2014,"4,356",11/15/2014,"31,331","3,467,574",0.9
Virginia,11/29/2014,"3,417",11/22/2014,"29,993","3,467,574",0.86
Virginia,12/6/2014,"6,586",11/29/2014,"34,501","3,467,574",0.99
Virginia,12/13/2014,"4,594",12/6/2014,"32,981","3,467,574",0.95
Virginia,12/20/2014,"5,483",12/13/2014,"33,238","3,467,574",0.96
Virginia,12/27/2014,"4,764",12/20/2014,"32,730","3,467,574",0.94
Virginia,1/3/2015,"6,459",12/27/2014,"38,118","3,467,574",1.1
Virginia,1/10/2015,"9,212",1/3/2015,"41,264","3,473,107",1.19
Virginia,1/17/2015,"5,160",1/10/2015,"38,231","3,473,107",1.1
Virginia,1/24/2015,"4,991",1/17/2015,"37,788","3,473,107",1.09
Virginia,1/31/2015,"4,469",1/24/2015,"38,806","3,473,107",1.12
Virginia,2/7/2015,"4,583",1/31/2015,"38,236","3,473,107",1.1
Virginia,2/14/2015,"3,937",2/7/2015,"37,751","3,473,107",1.09
Virginia,2/21/2015,"3,241",2/14/2015,"35,853","3,473,107",1.03
Virginia,2/28/2015,"4,125",2/21/2015,"37,129","3,473,107",1.07
Virginia,3/7/2015,"3,803",2/28/2015,"37,254","3,473,107",1.07
Virginia,3/14/2015,"3,729",3/7/2015,"36,156","3,473,107",1.04
Virginia,3/21/2015,"3,204",3/14/2015,"34,858","3,473,107",1
Virginia,3/28/2015,"3,123",3/21/2015,"32,889","3,473,107",0.95
Virginia,4/4/2015,"3,397",3/28/2015,"30,957","3,473,107",0.89
Virginia,4/11/2015,"3,571",4/4/2015,"29,970","3,478,577",0.86
Virginia,4/18/2015,"3,236",4/11/2015,"29,451","3,478,577",0.85
Virginia,4/25/2015,"3,055",4/18/2015,"28,682","3,478,577",0.82
Virginia,5/2/2015,"3,366",4/25/2015,"27,680","3,478,577",0.8
Virginia,5/9/2015,"3,463",5/2/2015,"27,464","3,478,577",0.79
Virginia,5/16/2015,"3,763",5/9/2015,"27,430","3,478,577",0.79
Virginia,5/23/2015,"3,781",5/16/2015,"28,222","3,478,577",0.81
Virginia,5/30/2015,"3,174",5/23/2015,"27,670","3,478,577",0.8
Virginia,6/6/2015,"3,987",5/30/2015,"28,696","3,478,577",0.82
Virginia,6/13/2015,"3,637",6/6/2015,"28,551","3,478,577",0.82
Virginia,6/20/2015,"3,741",6/13/2015,"28,663","3,478,577",0.82
Virginia,6/27/2015,"3,575",6/20/2015,"29,456","3,478,577",0.85
Virginia,7/4/2015,"3,820",6/27/2015,"26,601","3,478,577",0.76
Virginia,7/11/2015,"4,656",7/4/2015,"29,932","3,484,260",0.86
Virginia,7/18/2015,"3,500",7/11/2015,"29,969","3,484,260",0.86
Virginia,7/25/2015,"2,821",7/18/2015,"29,322","3,484,260",0.84
Virginia,8/1/2015,"3,915",7/25/2015,"29,355","3,484,260",0.84
Virginia,8/8/2015,"3,586",8/1/2015,"29,393","3,484,260",0.84
Virginia,8/15/2015,"3,195",8/8/2015,"29,177","3,484,260",0.84
Virginia,8/22/2015,"3,035",8/15/2015,"28,734","3,484,260",0.82
Virginia,8/29/2015,"3,086",8/22/2015,"27,206","3,484,260",0.78
Virginia,9/5/2015,"3,182",8/29/2015,"24,242","3,484,260",0.7
Virginia,9/12/2015,"2,988",9/5/2015,"25,749","3,484,260",0.74
Virginia,9/19/2015,"2,922",9/12/2015,"25,911","3,484,260",0.74
Virginia,9/26/2015,"2,910",9/19/2015,"25,415","3,484,260",0.73
Virginia,10/3/2015,"3,540",9/26/2015,"24,991","3,484,260",0.72
Virginia,10/10/2015,"3,740",10/3/2015,"25,130","3,495,135",0.72
Virginia,10/17/2015,"3,200",10/10/2015,"24,976","3,495,135",0.71
Virginia,10/24/2015,"3,301",10/17/2015,"25,255","3,495,135",0.72
Virginia,10/31/2015,"3,226",10/24/2015,"25,144","3,495,135",0.72
Virginia,11/7/2015,"3,563",10/31/2015,"25,442","3,495,135",0.73
Virginia,11/14/2015,"3,420",11/7/2015,"25,320","3,495,135",0.72
Virginia,11/21/2015,"3,754",11/14/2015,"25,720","3,495,135",0.74
Virginia,11/28/2015,"3,009",11/21/2015,"25,041","3,495,135",0.72
Virginia,12/5/2015,"4,887",11/28/2015,"27,932","3,495,135",0.8
Virginia,12/12/2015,"3,880",12/5/2015,"27,538","3,495,135",0.79
Virginia,12/19/2015,"5,927",12/12/2015,"28,020","3,495,135",0.8
Virginia,12/26/2015,"5,395",12/19/2015,"28,835","3,495,135",0.83
Virginia,1/2/2016,"5,677",12/26/2015,"33,237","3,495,135",0.95
Virginia,1/9/2016,"6,790",1/2/2016,"35,502","3,507,773",1.01
Virginia,1/16/2016,"4,565",1/9/2016,"35,811","3,507,773",1.02
Virginia,1/23/2016,"4,094",1/16/2016,"33,293","3,507,773",0.95
Virginia,1/30/2016,"4,528",1/23/2016,"33,373","3,507,773",0.95
Virginia,2/6/2016,"4,898",1/30/2016,"34,719","3,507,773",0.99
Virginia,2/13/2016,"4,771",2/6/2016,"34,981","3,507,773",1
Virginia,2/20/2016,"3,765",2/13/2016,"35,111","3,507,773",1
Virginia,2/27/2016,"3,482",2/20/2016,"35,479","3,507,773",1.01
Virginia,3/5/2016,"3,565",2/27/2016,"34,774","3,507,773",0.99
Virginia,3/12/2016,"3,499",3/5/2016,"33,569","3,507,773",0.96
Virginia,3/19/2016,"3,304",3/12/2016,"32,646","3,507,773",0.93
Virginia,3/26/2016,"2,831",3/19/2016,"31,352","3,507,773",0.89
Virginia,4/2/2016,"4,044",3/26/2016,"30,389","3,507,773",0.87
Virginia,4/9/2016,"4,086",4/2/2016,"30,808","3,507,773",0.88
Virginia,4/16/2016,"3,294",4/9/2016,"29,163","3,507,773",0.83
Virginia,4/23/2016,"3,222",4/16/2016,"28,823","3,529,904",0.82
Virginia,4/30/2016,"4,436",4/23/2016,"28,655","3,529,904",0.81
Virginia,5/7/2016,"3,630",4/30/2016,"29,475","3,529,904",0.84
Virginia,5/14/2016,"3,726",5/7/2016,"28,340","3,529,904",0.8
Virginia,5/21/2016,"4,055",5/14/2016,"28,540","3,529,904",0.81
Virginia,5/28/2016,"3,405",5/21/2016,"28,846","3,529,904",0.82
Virginia,6/4/2016,"3,234",5/28/2016,"28,634","3,529,904",0.81
Virginia,6/11/2016,"4,651",6/4/2016,"28,941","3,529,904",0.82
Virginia,6/18/2016,"3,332",6/11/2016,"30,462","3,529,904",0.86
Virginia,6/25/2016,"3,452",6/18/2016,"28,982","3,529,904",0.82
Virginia,7/2/2016,"3,029",6/25/2016,"27,421","3,529,904",0.78
Virginia,7/9/2016,"3,987",7/2/2016,"28,766","3,529,904",0.81
Virginia,7/16/2016,"3,316",7/9/2016,"29,952","3,529,904",0.85
Virginia,7/23/2016,"2,885",7/16/2016,"29,427","3,529,904",0.83
Virginia,7/30/2016,"3,177",7/23/2016,"28,645","3,529,904",0.81
Virginia,8/6/2016,"3,512",7/30/2016,"28,772","3,529,904",0.82
Virginia,8/13/2016,"4,002",8/6/2016,"28,462","3,529,904",0.81
Virginia,8/20/2016,"2,834",8/13/2016,"28,996","3,529,904",0.82
Virginia,8/27/2016,"2,792",8/20/2016,"26,882","3,529,904",0.76
Virginia,9/3/2016,"1,993",8/27/2016,"23,234","3,529,904",0.66
Virginia,9/10/2016,"3,044",9/3/2016,"24,394","3,529,904",0.69
Virginia,9/17/2016,"3,041",9/10/2016,"24,872","3,529,904",0.7
Virginia,9/24/2016,"2,631",9/17/2016,"24,158","3,529,904",0.68
Virginia,10/1/2016,"2,777",9/24/2016,"23,823","3,529,904",0.67
Virginia,10/8/2016,"3,029",10/1/2016,"23,457","3,576,107",0.66
Virginia,10/15/2016,"2,930",10/8/2016,"22,962","3,576,107",0.64
Virginia,10/22/2016,"3,000",10/15/2016,"23,371","3,576,107",0.65
Virginia,10/29/2016,"2,761",10/22/2016,"23,249","3,576,107",0.65
Virginia,11/5/2016,"3,037",10/29/2016,"22,912","3,576,107",0.64
Virginia,11/12/2016,"2,785",11/5/2016,"22,667","3,576,107",0.63
Virginia,11/19/2016,"3,740",11/12/2016,"23,320","3,576,107",0.65
Virginia,11/26/2016,"3,077",11/19/2016,"22,668","3,576,107",0.63
Virginia,12/3/2016,"4,471",11/26/2016,"25,388","3,576,107",0.71
Virginia,12/10/2016,"3,775",12/3/2016,"24,821","3,576,107",0.69
Virginia,12/17/2016,"3,981",12/10/2016,"25,087","3,576,107",0.7
Virginia,12/24/2016,"4,632",12/17/2016,"25,082","3,576,107",0.7
Virginia,12/31/2016,"5,144",12/24/2016,"27,053","3,576,107",0.76
Virginia,1/7/2017,"6,042",12/31/2016,"29,728","3,576,107",0.83
Virginia,1/14/2017,"3,864",1/7/2017,"30,722","3,593,446",0.85
Virginia,1/21/2017,"4,393",1/14/2017,"30,590","3,593,446",0.85
Virginia,1/28/2017,"4,089",1/21/2017,"29,846","3,593,446",0.83
Virginia,2/4/2017,"3,549",1/28/2017,"30,059","3,593,446",0.84
Virginia,2/11/2017,"3,776",2/4/2017,"29,765","3,593,446",0.83
Virginia,2/18/2017,"2,997",2/11/2017,"30,074","3,593,446",0.84
Virginia,2/25/2017,"2,984",2/18/2017,"29,261","3,593,446",0.81
Virginia,3/4/2017,"3,328",2/25/2017,"28,908","3,593,446",0.8
Virginia,3/11/2017,"2,955",3/4/2017,"28,676","3,593,446",0.8
Virginia,3/18/2017,"3,751",3/11/2017,"27,585","3,593,446",0.77
Virginia,3/25/2017,"2,855",3/18/2017,"28,040","3,593,446",0.78
Virginia,4/1/2017,"2,625",3/25/2017,"26,335","3,593,446",0.73
Virginia,4/8/2017,"2,881",4/1/2017,"25,255","3,593,446",0.7
Virginia,4/15/2017,"2,493",4/8/2017,"24,265","3,593,446",0.68
Virginia,4/22/2017,"2,679",4/15/2017,"23,932","3,601,812",0.66
Virginia,4/29/2017,"2,641",4/22/2017,"33,340","3,601,812",0.93
Virginia,5/6/2017,"2,847",4/29/2017,"23,142","3,601,812",0.64
Virginia,5/13/2017,"3,146",5/6/2017,"23,156","3,601,812",0.64
Virginia,5/20/2017,"3,230",5/13/2017,"23,402","3,601,812",0.65
Virginia,5/27/2017,"3,225",5/20/2017,"24,004","3,601,812",0.67
Virginia,6/3/2017,"2,854",5/27/2017,"24,040","3,601,812",0.67
Virginia,6/10/2017,"3,268",6/3/2017,"24,621","3,601,812",0.68
Virginia,6/17/2017,"2,990",6/10/2017,"24,708","3,601,812",0.69
Virginia,6/24/2017,"3,080",6/17/2017,"25,512","3,601,812",0.71
Virginia,7/1/2017,"3,038",6/24/2017,"24,623","3,601,812",0.68
Virginia,7/8/2017,"3,536",7/1/2017,"24,788","3,608,526",0.69
Virginia,7/15/2017,"3,201",7/8/2017,"26,575","3,608,526",0.74
Virginia,7/22/2017,"2,900",7/15/2017,"26,473","3,608,526",0.73
Virginia,7/29/2017,"2,877",7/22/2017,"26,376","3,608,526",0.73
Virginia,8/5/2017,"2,990",7/29/2017,"25,949","3,608,526",0.72
Virginia,8/12/2017,"2,933",8/5/2017,"25,873","3,608,526",0.72
Virginia,8/19/2017,"2,724",8/12/2017,"25,534","3,608,526",0.71
Virginia,8/26/2017,"2,535",8/19/2017,"24,848","3,608,526",0.69
Virginia,9/2/2017,"2,829",8/26/2017,"23,982","3,608,526",0.66
Virginia,9/9/2017,"2,535",9/2/2017,"22,949","3,608,526",0.64
Virginia,9/16/2017,"2,513",9/9/2017,"22,989","3,608,526",0.64
Virginia,9/23/2017,"2,651",9/16/2017,"23,007","3,608,526",0.64
Virginia,9/30/2017,"2,596",9/23/2017,"22,800","3,608,526",0.63
Virginia,10/7/2017,"3,013",9/30/2017,"22,619","3,608,526",0.63
Virginia,10/14/2017,"2,639",10/7/2017,"22,572","3,618,742",0.62
Virginia,10/21/2017,"2,663",10/14/2017,"22,776","3,618,742",0.63
Virginia,10/28/2017,"2,732",10/21/2017,"22,741","3,618,742",0.63
Virginia,11/4/2017,"2,818",10/28/2017,"22,582","3,618,742",0.62
Virginia,11/11/2017,"2,530",11/4/2017,"22,348","3,618,742",0.62
Virginia,11/18/2017,"3,162",11/11/2017,"22,872","3,618,742",0.63
Virginia,11/25/2017,"2,461",11/18/2017,"21,905","3,618,742",0.61
Virginia,12/2/2017,"3,504",11/25/2017,"24,516","3,618,742",0.68
Virginia,12/9/2017,"3,146",12/2/2017,"23,961","3,618,742",0.66
Virginia,12/16/2017,"3,339",12/9/2017,"23,960","3,618,742",0.66
Virginia,12/23/2017,"4,156",12/16/2017,"24,493","3,618,742",0.68
Virginia,12/30/2017,"4,213",12/23/2017,"24,874","3,618,742",0.69
Virginia,1/6/2018,"4,185",12/30/2017,"27,138","3,618,742",0.75
Virginia,1/13/2018,"4,097",1/6/2018,"28,379","3,628,547",0.78
Virginia,1/20/2018,"3,772",1/13/2018,"28,055","3,628,547",0.77
Virginia,1/27/2018,"3,419",1/20/2018,"27,746","3,628,547",0.76
Virginia,2/3/2018,"3,301",1/27/2018,"27,036","3,628,547",0.75
Virginia,2/10/2018,"3,094",2/3/2018,"27,061","3,628,547",0.75
Virginia,2/17/2018,"2,360",2/10/2018,"27,299","3,628,547",0.75
Virginia,2/24/2018,"2,307",2/17/2018,"26,267","3,628,547",0.72
Virginia,3/3/2018,"2,431",2/24/2018,"25,960","3,628,547",0.72
Virginia,3/10/2018,"2,841",3/3/2018,"25,236","3,628,547",0.7
Virginia,3/17/2018,"2,373",3/10/2018,"24,490","3,628,547",0.67
Virginia,3/24/2018,"2,375",3/17/2018,"23,708","3,628,547",0.65
Virginia,3/31/2018,"2,492",3/24/2018,"23,304","3,628,547",0.64
Virginia,4/7/2018,"2,787",3/31/2018,"22,830","3,628,547",0.63
Virginia,4/14/2018,"2,322",4/7/2018,"22,561","3,640,464",0.62
Virginia,4/21/2018,"2,319",4/14/2018,"21,815","3,640,464",0.6
Virginia,4/28/2018,"2,234",4/21/2018,"21,060","3,640,464",0.58
Virginia,5/5/2018,"2,452",4/28/2018,"20,496","3,640,464",0.56
Virginia,5/12/2018,"2,592",5/5/2018,"20,525","3,640,464",0.56
Virginia,5/19/2018,"3,148",5/12/2018,"20,758","3,640,464",0.57
Virginia,5/26/2018,"3,100",5/19/2018,"20,920","3,640,464",0.57
Virginia,6/2/2018,"2,537",5/26/2018,"21,231","3,640,464",0.58
Virginia,6/9/2018,"2,855",6/2/2018,"21,660","3,640,464",0.59
Virginia,6/16/2018,"2,779",6/9/2018,"21,631","3,640,464",0.59
Virginia,6/23/2018,"2,645",6/16/2018,"21,745","3,640,464",0.6
Virginia,6/30/2018,"2,695",6/23/2018,"21,944","3,640,464",0.6
Virginia,7/7/2018,"3,102",6/30/2018,"21,527","3,640,464",0.59
Virginia,7/14/2018,"2,714",7/7/2018,"23,026","3,640,464",0.63
Virginia,7/21/2018,"2,356",7/14/2018,"22,603","3,653,386",0.62
Virginia,7/28/2018,"2,367",7/21/2018,"22,239","3,653,386",0.61
Virginia,8/4/2018,"2,560",7/28/2018,"21,776","3,653,386",0.6
Virginia,8/11/2018,"2,608",8/4/2018,"21,927","3,653,386",0.6
Virginia,8/18/2018,"2,254",8/11/2018,"21,838","3,653,386",0.6
Virginia,8/25/2018,"2,193",8/18/2018,"21,019","3,653,386",0.58
Virginia,9/1/2018,"2,113",8/25/2018,"20,045","3,653,386",0.55
Virginia,9/8/2018,"2,143",9/1/2018,"18,845","3,653,386",0.52
Virginia,9/15/2018,"2,031",9/8/2018,"18,848","3,653,386",0.52
Virginia,9/22/2018,"2,360",9/15/2018,"18,646","3,653,386",0.51
Virginia,9/29/2018,"2,198",9/22/2018,"18,292","3,653,386",0.5
Virginia,10/6/2018,"2,581",9/29/2018,"18,046","3,653,386",0.49
Virginia,10/13/2018,"2,188",10/6/2018,"17,852","3,670,247",0.49
Virginia,10/20/2018,"2,369",10/13/2018,"17,989","3,670,247",0.49
Virginia,10/27/2018,"2,284",10/20/2018,"17,782","3,670,247",0.48
Virginia,11/3/2018,"2,313",10/27/2018,"17,936","3,670,247",0.49
Virginia,11/10/2018,"2,788",11/3/2018,"17,827","3,670,247",0.49
Virginia,11/17/2018,"2,566",11/10/2018,"17,950","3,670,247",0.49
Virginia,11/24/2018,"2,019",11/17/2018,"17,555","3,670,247",0.48
Virginia,12/1/2018,"3,265",11/24/2018,"19,854","3,670,247",0.54
Virginia,12/8/2018,"3,067",12/1/2018,"18,998","3,670,247",0.52
Virginia,12/15/2018,"3,197",12/8/2018,"19,379","3,670,247",0.53
Virginia,12/22/2018,"3,862",12/15/2018,"19,954","3,670,247",0.54
Virginia,12/29/2018,"3,353",12/22/2018,"20,049","3,670,247",0.55
Virginia,1/5/2019,"3,229",12/29/2018,"22,824","3,670,247",0.62
Virginia,1/12/2019,"4,780",1/5/2019,"24,191","3,685,768",0.66
Virginia,1/19/2019,"3,468",1/12/2019,"23,631","3,685,768",0.64
Virginia,1/26/2019,"3,513",1/19/2019,"23,781","3,685,768",0.65
Virginia,2/2/2019,"2,896",1/26/2019,"24,110","3,685,768",0.65
Virginia,2/9/2019,"2,686",2/2/2019,"23,700","3,685,768",0.64
Virginia,2/16/2019,"2,308",2/9/2019,"23,511","3,685,768",0.64
Virginia,2/23/2019,"2,240",2/16/2019,"22,881","3,685,768",0.62
Virginia,3/2/2019,"2,140",2/23/2019,"22,742","3,685,768",0.62
Virginia,3/9/2019,"2,445",3/2/2019,"22,508","3,685,768",0.61
Virginia,3/16/2019,"2,210",3/9/2019,"21,927","3,685,768",0.59
Virginia,3/23/2019,"2,141",3/16/2019,"21,525","3,685,768",0.58
Virginia,3/30/2019,"2,074",3/23/2019,"20,645","3,685,768",0.56
Virginia,4/6/2019,"2,155",3/30/2019,"19,890","3,685,768",0.54
Virginia,4/13/2019,"2,260",4/6/2019,"19,164","3,700,081",0.52
Virginia,4/20/2019,"2,231",4/13/2019,"18,449","3,700,081",0.5
Virginia,4/27/2019,"2,062",4/20/2019,"18,608","3,700,081",0.5
Virginia,5/4/2019,"2,341",4/27/2019,"18,478","3,700,081",0.5
Virginia,5/11/2019,"2,481",5/4/2019,"17,804","3,700,081",0.48
Virginia,5/18/2019,"2,644",5/11/2019,"18,177","3,700,081",0.49
Virginia,5/25/2019,"2,568",5/18/2019,"18,363","3,700,081",0.5
Virginia,6/1/2019,"2,388",5/25/2019,"18,453","3,700,081",0.5
Virginia,6/8/2019,"2,821",6/1/2019,"19,079","3,700,081",0.52
Virginia,6/15/2019,"2,591",6/8/2019,"19,463","3,700,081",0.53
Virginia,6/22/2019,"2,450",6/15/2019,"19,669","3,700,081",0.53
Virginia,6/29/2019,"2,415",6/22/2019,"19,797","3,700,081",0.54
Virginia,7/6/2019,"2,487",6/29/2019,"18,970","3,700,081",0.51
Virginia,7/13/2019,"3,183",7/6/2019,"20,754","3,711,855",0.56
Virginia,7/20/2019,"2,453",7/13/2019,"20,075","3,711,855",0.54
Virginia,7/27/2019,"2,185",7/20/2019,"20,197","3,711,855",0.54
Virginia,8/3/2019,"2,517",7/27/2019,"19,788","3,711,855",0.53
Virginia,8/10/2019,"2,382",8/3/2019,"19,985","3,711,855",0.54
Virginia,8/17/2019,"2,237",8/10/2019,"19,800","3,711,855",0.53
Virginia,8/24/2019,"2,054",8/17/2019,"19,257","3,711,855",0.52
Virginia,8/31/2019,"2,217",8/24/2019,"18,264","3,711,855",0.49
Virginia,9/7/2019,"2,144",8/31/2019,"17,416","3,711,855",0.47
Virginia,9/14/2019,"2,236",9/7/2019,"17,843","3,711,855",0.48
Virginia,9/21/2019,"2,158",9/14/2019,"17,251","3,711,855",0.46
Virginia,9/28/2019,"2,129",9/21/2019,"17,140","3,711,855",0.46
Virginia,10/5/2019,"2,340",9/28/2019,"16,840","3,711,855",0.45
Virginia,10/12/2019,"2,455",10/5/2019,"16,866","3,722,198",0.45
Virginia,10/19/2019,"2,202",10/12/2019,"16,768","3,722,198",0.45
Virginia,10/26/2019,"3,871",10/19/2019,"16,889","3,722,198",0.45
Virginia,11/2/2019,"2,354",10/26/2019,"17,285","3,722,198",0.46
Virginia,11/9/2019,"2,671",11/2/2019,"18,200","3,722,198",0.49
Virginia,11/16/2019,"2,327",11/9/2019,"17,600","3,722,198",0.47
Virginia,11/23/2019,"2,542",11/16/2019,"17,541","3,722,198",0.47
Virginia,11/30/2019,"1,952",11/23/2019,"16,997","3,722,198",0.46
Virginia,12/7/2019,"4,284",11/30/2019,"19,076","3,722,198",0.51
Virginia,12/14/2019,"3,127",12/7/2019,"19,228","3,722,198",0.52
Virginia,12/21/2019,"3,608",12/14/2019,"19,437","3,722,198",0.52
Virginia,12/28/2019,"3,305",12/21/2019,"19,097","3,722,198",0.51
Virginia,1/4/2020,"3,188",12/28/2019,"22,171","3,722,198",0.6
Virginia,1/11/2020,"3,643",1/4/2020,"23,577","3,731,069",0.63
Virginia,1/18/2020,"2,831",1/11/2020,"22,218","3,731,069",0.6
Virginia,1/25/2020,"3,059",1/18/2020,"21,661","3,731,069",0.58
Virginia,2/1/2020,"2,575",1/25/2020,"22,263","3,731,069",0.6
Virginia,2/8/2020,"3,097",2/1/2020,"22,049","3,731,069",0.59
Virginia,2/15/2020,"2,693",2/8/2020,"22,481","3,731,069",0.6
Virginia,2/22/2020,"2,079",2/15/2020,"22,493","3,731,069",0.6
Virginia,2/29/2020,"3,267",2/22/2020,"22,203","3,731,069",0.6
Virginia,3/7/2020,"2,527",2/29/2020,"22,714","3,731,069",0.61
Virginia,3/14/2020,"2,706",3/7/2020,"21,336","3,731,069",0.57
Virginia,3/21/2020,"46,277",3/14/2020,"21,628","3,731,069",0.58
Virginia,3/28/2020,"112,497",3/21/2020,"41,827","3,731,069",1.12
Virginia,4/4/2020,"147,369",3/28/2020,"133,184","3,731,069",3.57
Virginia,4/11/2020,"104,619",4/4/2020,"236,791","3,731,069",6.35
Virginia,4/18/2020,"82,729",4/11/2020,"297,993","3,739,821",7.97
Virginia,4/25/2020,"72,488",4/18/2020,"341,295","3,739,821",9.13
Virginia,5/2/2020,"59,631",4/25/2020,"376,689","3,739,821",10.07
Virginia,5/9/2020,"52,139",5/2/2020,"392,673","3,739,821",10.5
Virginia,5/16/2020,"44,699",5/9/2020,"403,557","3,739,821",10.79
Virginia,5/23/2020,"39,242",5/16/2020,"402,926","3,739,821",10.77
Virginia,5/30/2020,"31,379",5/23/2020,"398,411","3,739,821",10.65
Virginia,6/6/2020,"29,231",5/30/2020,"396,056","3,739,821",10.59
Virginia,6/13/2020,"27,186",6/6/2020,"386,893","3,739,821",10.35
Virginia,6/20/2020,"25,293",6/13/2020,"375,579","3,739,821",10.04
Virginia,6/27/2020,"31,955",6/20/2020,"366,714","3,739,821",9.81
Virginia,7/4/2020,"31,825",6/27/2020,"378,607","3,739,821",10.12
Virginia,7/11/2020,"32,292",7/4/2020,"372,070","3,751,738",9.92
Virginia,7/18/2020,"37,946",7/11/2020,"357,098","3,751,738",9.52
Virginia,7/25/2020,"42,966",7/18/2020,"344,826","3,751,738",9.19
Virginia,8/1/2020,"23,918",7/25/2020,"331,401","3,751,738",8.83
Virginia,8/8/2020,"13,265",8/1/2020,"264,410","3,751,738",7.05
Virginia,8/15/2020,"15,151",8/8/2020,"265,225","3,751,738",7.07
Virginia,8/22/2020,"11,436",8/15/2020,"249,745","3,751,738",6.66
Virginia,8/29/2020,"10,305",8/22/2020,"233,467","3,751,738",6.22
Virginia,9/5/2020,"11,135",8/29/2020,"217,485","3,751,738",5.8
Virginia,9/12/2020,"10,100",9/5/2020,"201,616","3,751,738",5.37
Virginia,9/19/2020,"10,582",9/12/2020,"188,195","3,751,738",5.02
Virginia,9/26/2020,"9,377",9/19/2020,"173,717","3,751,738",4.63
Virginia,10/3/2020,"10,843",9/26/2020,"160,764","3,751,738",4.29
Virginia,10/10/2020,"9,110",10/3/2020,"142,220","3,762,558",3.78
Virginia,10/17/2020,"11,365",10/10/2020,"129,300","3,762,558",3.44
Virginia,10/24/2020,"12,352",10/17/2020,"127,621","3,762,558",3.39
Virginia,10/31/2020,"10,350",10/24/2020,"99,711","3,762,558",2.65
Virginia,11/7/2020,"9,909",10/31/2020,"91,960","3,762,558",2.44
Virginia,11/14/2020,"11,088",11/7/2020,"85,129","3,762,558",2.26
Virginia,11/21/2020,"12,234",11/14/2020,"81,138","3,762,558",2.16
Virginia,11/28/2020,"8,606",11/21/2020,"72,305","3,762,558",1.92
Virginia,12/5/2020,"16,654",11/28/2020,"73,804","3,762,558",1.96
Virginia,12/12/2020,"14,509",12/5/2020,"68,019","3,762,558",1.81
Virginia,12/19/2020,"14,640",12/12/2020,"67,478","3,762,558",1.79
Virginia,12/26/2020,"11,890",12/19/2020,"63,443","3,762,558",1.69
Virginia,1/2/2021,"19,530",12/26/2020,"63,588","3,762,558",1.69
Virginia,1/9/2021,"28,227",1/2/2021,"63,687","3,664,486",1.74
Virginia,1/16/2021,"21,073",1/9/2021,"63,839","3,664,486",1.74
Virginia,1/23/2021,"18,312",1/16/2021,"67,298","3,664,486",1.84
Virginia,1/30/2021,"18,177",1/23/2021,"67,337","3,664,486",1.84
Virginia,2/6/2021,"14,203",1/30/2021,"65,091","3,664,486",1.78
Virginia,2/13/2021,"14,901",2/6/2021,"62,624","3,664,486",1.71
Virginia,2/20/2021,"11,944",2/13/2021,"64,575","3,664,486",1.76
Virginia,2/27/2021,"12,155",2/20/2021,"63,998","3,664,486",1.75
Virginia,3/6/2021,"13,736",2/27/2021,"62,269","3,664,486",1.7
Virginia,3/13/2021,"15,525",3/6/2021,"59,976","3,664,486",1.64
Virginia,3/20/2021,"17,560",3/13/2021,"58,233","3,664,486",1.59
Virginia,3/27/2021,"28,244",3/20/2021,"57,072","3,664,486",1.56
Virginia,4/3/2021,"28,526",3/27/2021,"57,344","3,664,486",1.56
Virginia,4/10/2021,"5,034",4/3/2021,"57,371","3,604,990",1.59
Virginia,4/17/2021,"13,751",4/10/2021,"55,273","3,604,990",1.53
Virginia,4/24/2021,"37,356",4/17/2021,"54,281","3,604,990",1.51
Virginia,5/1/2021,"12,231",4/24/2021,"55,195","3,604,990",1.53
Virginia,5/8/2021,"11,270",5/1/2021,"57,844","3,604,990",1.6
Virginia,5/15/2021,"10,642",5/8/2021,"60,413","3,604,990",1.68
Virginia,5/22/2021,"9,843",5/15/2021,"54,163","3,604,990",1.5
Virginia,5/29/2021,"8,090",5/22/2021,"52,228","3,604,990",1.45
Virginia,6/5/2021,"7,210",5/29/2021,"50,261","3,604,990",1.39
Virginia,6/12/2021,"7,849",6/5/2021,"44,793","3,604,990",1.24
Virginia,6/19/2021,"6,905",6/12/2021,"42,878","3,604,990",1.19
Virginia,6/26/2021,"8,196",6/19/2021,"40,225","3,604,990",1.12
Virginia,7/3/2021,"6,825",6/26/2021,"37,790","3,604,990",1.05
Virginia,7/10/2021,"5,952",7/3/2021,"36,337","3,614,272",1.01
Virginia,7/17/2021,"6,304",7/10/2021,"35,202","3,614,272",0.97
Virginia,7/24/2021,"6,178",7/17/2021,"33,603","3,614,272",0.93
Virginia,7/31/2021,"6,029",7/24/2021,"31,960","3,614,272",0.88
Virginia,8/7/2021,"10,226",7/31/2021,"31,739","3,614,272",0.88
Virginia,8/14/2021,"16,593",8/7/2021,"35,081","3,614,272",0.97
Virginia,8/21/2021,"11,923",8/14/2021,"37,075","3,614,272",1.03
Virginia,8/28/2021,"7,777",8/21/2021,"46,471","3,614,272",1.29
Virginia,9/4/2021,"6,179",8/28/2021,"44,435","3,614,272",1.23
Virginia,9/11/2021,"3,822",9/4/2021,"40,624","3,614,272",1.12
Virginia,9/18/2021,"15,962",9/11/2021,"37,569","3,614,272",1.04
Virginia,9/25/2021,"8,717",9/18/2021,"47,241","3,614,272",1.31
Virginia,10/2/2021,"9,360",9/25/2021,"44,019","3,614,272",1.22
Virginia,10/9/2021,"9,347",10/2/2021,"46,467","3,557,288",1.31
Virginia,10/16/2021,"1,967",10/9/2021,"58,421","3,557,288",1.64
Virginia,10/23/2021,"2,570",10/16/2021,"44,840","3,557,288",1.26
Virginia,10/30/2021,"1,088",10/23/2021,"31,564","3,557,288",0.89
Virginia,11/6/2021,"1,290",10/30/2021,"24,922","3,557,288",0.7
Virginia,11/13/2021,391,11/6/2021,"13,407","3,557,288",0.38
Virginia,11/20/2021,"13,094",11/13/2021,"7,312","3,557,288",0.21
Virginia,11/27/2021,"6,546",11/20/2021,"13,917","3,557,288",0.39
Virginia,12/4/2021,"3,450",11/27/2021,"14,598","3,557,288",0.41
Virginia,12/11/2021,"3,310",12/4/2021,"38,389","3,557,288",1.08
Virginia,12/18/2021,"3,387",12/11/2021,"44,270","3,557,288",1.24
Virginia,12/25/2021,"1,204",12/18/2021,"4,904","3,557,288",0.14
Virginia,1/1/2022,"1,813",12/25/2021,"11,262","3,557,288",0.32
Virginia,1/8/2022,"2,443",1/1/2022,"8,190","3,623,287",0.23
Virginia,1/15/2022,"2,849",1/8/2022,"7,059","3,623,287",0.19
Virginia,1/22/2022,"1,940",1/15/2022,"7,543","3,623,287",0.21
Virginia,1/29/2022,"2,157",1/22/2022,"7,439","3,623,287",0.21
Virginia,2/5/2022,"1,995",1/29/2022,"7,180","3,623,287",0.2
Virginia,2/12/2022,"1,973",2/5/2022,"7,238","3,623,287",0.2
Virginia,2/19/2022,"1,610",2/12/2022,"7,258","3,623,287",0.2
Virginia,2/26/2022,"1,418",2/19/2022,"6,811","3,623,287",0.19
Virginia,3/5/2022,"1,829",2/26/2022,"6,510","3,623,287",0.18
Virginia,3/12/2022,"1,854",3/5/2022,"6,684","3,623,287",0.18
Virginia,3/19/2022,"1,546",3/12/2022,"6,954","3,623,287",0.19
Virginia,3/26/2022,"1,627",3/19/2022,"6,684","3,623,287",0.18
Virginia,4/2/2022,"1,838",3/26/2022,"6,707","3,623,287",0.19
Virginia,4/9/2022,"1,933",4/2/2022,"6,971","3,661,815",0.19
Virginia,4/16/2022,"1,861",4/9/2022,"7,030","3,661,815",0.19
Virginia,4/23/2022,"1,845",4/16/2022,"7,252","3,661,815",0.2
Virginia,4/30/2022,"1,932",4/23/2022,"7,253","3,661,815",0.2
Virginia,5/7/2022,"1,370",4/30/2022,"7,509","3,661,815",0.21
Virginia,5/14/2022,"1,301",5/7/2022,"8,511","3,661,815",0.23
Virginia,5/21/2022,"1,206",5/14/2022,"9,564","3,661,815",0.26
Virginia,5/28/2022,"1,376",5/21/2022,"9,426","3,661,815",0.26
Virginia,6/4/2022,"1,131",5/28/2022,"9,768","3,661,815",0.27
Virginia,6/11/2022,"1,498",6/4/2022,"9,101","3,661,815",0.25
Virginia,6/18/2022,"2,003",6/11/2022,"9,653","3,661,815",0.26
Virginia,6/25/2022,"1,554",6/18/2022,"10,016","3,661,815",0.27
Virginia,7/2/2022,827,6/25/2022,"9,834","3,661,815",0.27
Virginia,7/9/2022,"1,710",7/2/2022,"10,108","3,692,261",0.27
Virginia,7/16/2022,"2,066",7/9/2022,"10,636","3,692,261",0.29
Virginia,7/23/2022,"2,349",7/16/2022,"10,914","3,692,261",0.3
Virginia,7/30/2022,"2,363",7/23/2022,"11,842","3,692,261",0.32
Virginia,8/6/2022,"2,579",7/30/2022,"12,476","3,692,261",0.34
Virginia,8/13/2022,"2,983",8/6/2022,"12,499","3,692,261",0.34
Virginia,8/20/2022,"2,814",8/13/2022,"12,543","3,692,261",0.34
Virginia,8/27/2022,"2,205",8/20/2022,"13,486","3,692,261",0.37
Virginia,9/3/2022,"1,895",8/27/2022,"11,955","3,692,261",0.32
Virginia,9/10/2022,"1,670",9/3/2022,"10,296","3,692,261",0.28
Virginia,9/17/2022,"1,382",9/10/2022,"9,494","3,692,261",0.26
Virginia,9/24/2022,953,9/17/2022,"9,563","3,692,261",0.26
Virginia,10/1/2022,610,9/24/2022,"8,754","3,692,261",0.24
Virginia,10/8/2022,482,10/1/2022,"6,172","3,677,290",0.17
Virginia,10/15/2022,377,10/8/2022,"6,159","3,677,290",0.17
Virginia,10/22/2022,614,10/15/2022,"6,152","3,677,290",0.17
Virginia,10/29/2022,766,10/22/2022,"6,375","3,677,290",0.17
Virginia,11/5/2022,757,10/29/2022,"6,951","3,677,290",0.19
Virginia,11/12/2022,601,11/5/2022,"7,158","3,677,290",0.19
Virginia,11/19/2022,925,11/12/2022,"7,490","3,677,290",0.2
Virginia,11/26/2022,488,11/19/2022,"7,347","3,677,290",0.2
Virginia,12/3/2022,"1,211",11/26/2022,"7,899","3,677,290",0.21
Virginia,12/10/2022,"1,346",12/3/2022,"8,620","3,677,290",0.23
Virginia,12/17/2022,"1,457",12/10/2022,"9,027","3,677,290",0.25
Virginia,12/24/2022,"1,189",12/17/2022,"9,286","3,677,290",0.25
Virginia,12/31/2022,"1,361",12/24/2022,"9,545","3,677,290",0.26
Virginia,1/7/2023,"1,958",12/31/2022,"10,089","3,677,290",0.27
Virginia,1/14/2023,"2,656",1/7/2023,"10,677","3,706,696",0.29
Virginia,1/21/2023,"1,948",1/14/2023,"11,371","3,706,696",0.31
Virginia,1/28/2023,"1,920",1/21/2023,"11,624","3,706,696",0.31
Virginia,2/4/2023,"1,829",1/28/2023,"11,699","3,706,696",0.32
Virginia,2/11/2023,"1,815",2/4/2023,"11,801","3,706,696",0.32
Virginia,2/18/2023,"1,597",2/11/2023,"11,675","3,706,696",0.31
Virginia,2/25/2023,"1,385",2/18/2023,"11,785","3,706,696",0.32
Virginia,3/4/2023,"1,886",2/25/2023,"11,615","3,706,696",0.31
Virginia,3/11/2023,"1,700",3/4/2023,"11,837","3,706,696",0.32
Virginia,3/18/2023,"1,623",3/11/2023,"11,781","3,706,696",0.32
Virginia,3/25/2023,"1,876",3/18/2023,"11,758","3,706,696",0.32
Virginia,4/1/2023,"1,563",3/25/2023,"11,823","3,706,696",0.32
Virginia,4/8/2023,"1,558",4/1/2023,"11,681","3,736,698",0.31
Virginia,4/15/2023,"1,760",4/8/2023,"11,672","3,736,698",0.31
Virginia,4/22/2023,"1,838",4/15/2023,"11,830","3,736,698",0.32
Virginia,4/29/2023,"2,734",4/22/2023,"12,390","3,736,698",0.33
Virginia,5/6/2023,"3,336",4/29/2023,"12,769","3,736,698",0.34
Virginia,5/13/2023,"2,621",5/6/2023,"12,724","3,736,698",0.34
Virginia,5/20/2023,"2,470",5/13/2023,"12,736","3,736,698",0.34
Virginia,5/27/2023,"2,401",5/20/2023,"12,821","3,736,698",0.34
Virginia,6/3/2023,"2,317",5/27/2023,"12,685","3,736,698",0.34
Virginia,6/10/2023,"3,142",6/3/2023,"12,788","3,736,698",0.34
Virginia,6/17/2023,"2,486",6/10/2023,"13,107","3,736,698",0.35
Virginia,6/24/2023,"2,038",6/17/2023,"13,381","3,736,698",0.36
Virginia,7/1/2023,"2,487",6/24/2023,"13,313","3,736,698",0.36
Virginia,7/8/2023,"2,816",7/1/2023,"13,296","3,677,290",0.36
Virginia,7/15/2023,"2,424",7/8/2023,"13,696","3,677,290",0.37
Virginia,7/22/2023,"2,293",7/15/2023,"13,714","3,677,290",0.37
Virginia,7/29/2023,"2,269",7/22/2023,"13,727","3,677,290",0.37
Virginia,8/5/2023,"2,520",7/29/2023,"13,678","3,677,290",0.37
Virginia,8/12/2023,"3,460",8/5/2023,"13,710","3,677,290",0.37
Virginia,8/19/2023,"2,311",8/12/2023,"13,715","3,677,290",0.37
Virginia,8/26/2023,"2,777",8/19/2023,"13,258","3,677,290",0.36
Virginia,9/2/2023,"2,568",8/26/2023,"13,092","3,677,290",0.36
Virginia,9/9/2023,"2,118",9/2/2023,"13,027","3,677,290",0.35
Virginia,9/16/2023,"1,487",9/9/2023,"13,286","3,677,290",0.36
Virginia,9/23/2023,"1,417",9/16/2023,"12,830","3,677,290",0.35
Virginia,9/30/2023,"1,748",9/23/2023,"12,595","3,677,290",0.34
Virginia,10/7/2023,"1,378",9/30/2023,"12,360","3,677,290",0.34
Virginia,10/14/2023,"1,655",10/7/2023,"12,355","3,706,696",0.33
Virginia,10/21/2023,"1,481",10/14/2023,"12,204","3,706,696",0.33
Virginia,10/28/2023,"1,800",10/21/2023,"12,337","3,706,696",0.33
Virginia,11/4/2023,"1,730",10/28/2023,"12,341","3,706,696",0.33
Virginia,11/11/2023,"1,711",11/4/2023,"12,283","3,706,696",0.33
Virginia,11/18/2023,"1,770",11/11/2023,"12,083","3,706,696",0.33
Virginia,11/25/2023,"1,104",11/18/2023,"11,522","3,706,696",0.31
Virginia,12/2/2023,"1,945",11/25/2023,"11,984","3,706,696",0.32
Virginia,12/9/2023,"1,669",12/2/2023,"12,007","3,706,696",0.32
Virginia,12/16/2023,"1,717",12/9/2023,"12,258","3,706,696",0.33
Virginia,12/23/2023,"2,019",12/16/2023,"12,341","3,706,696",0.33
Virginia,12/30/2023,"2,070",12/23/2023,"12,357","3,706,696",0.33
Virginia,1/6/2024,"2,782",12/30/2023,"12,827","3,706,696",0.35
Virginia,1/13/2024,"2,883",1/6/2024,"13,415","3,736,698",0.36
Virginia,1/20/2024,"2,576",1/13/2024,"13,999","3,736,698",0.37
Virginia,1/27/2024,"2,541",1/20/2024,"14,586","3,736,698",0.39
Virginia,2/3/2024,"2,536",1/27/2024,"14,987","3,736,698",0.4
Virginia,2/10/2024,"2,571",2/3/2024,"15,511","3,736,698",0.42
Virginia,2/17/2024,"2,272",2/10/2024,"15,817","3,736,698",0.42
Virginia,2/24/2024,"1,996",2/17/2024,"15,736","3,736,698",0.42
Virginia,3/2/2024,"2,174",2/24/2024,"15,827","3,736,698",0.42
Virginia,3/9/2024,"2,229",3/2/2024,"15,629","3,736,698",0.42
Virginia,3/16/2024,"1,904",3/9/2024,"15,612","3,736,698",0.42
Virginia,3/23/2024,"2,098",3/16/2024,"15,497","3,736,698",0.41
Virginia,3/30/2024,"2,081",3/23/2024,"15,302","3,736,698",0.41
Virginia,4/6/2024,"2,288",3/30/2024,"15,351","3,736,698",0.41
Virginia,4/13/2024,"2,238",4/6/2024,"15,263","3,762,973",0.41
Virginia,4/20/2024,"2,331",4/13/2024,"15,254","3,762,973",0.41
Virginia,4/27/2024,"2,266",4/20/2024,"15,518","3,762,973",0.41
Virginia,5/4/2024,"2,497",4/27/2024,"15,546","3,762,973",0.41
Virginia,5/11/2024,"2,386",5/4/2024,"15,847","3,762,973",0.42
Virginia,5/18/2024,"2,224",5/11/2024,"15,851","3,762,973",0.42
Virginia,5/25/2024,"2,066",5/18/2024,"15,907","3,762,973",0.42
Virginia,6/1/2024,"1,998",5/25/2024,"15,923","3,762,973",0.42
Virginia,6/8/2024,"2,531",6/1/2024,"15,761","3,762,973",0.42
Virginia,6/15/2024,"2,325",6/8/2024,"16,034","3,762,973",0.43
Virginia,6/22/2024,"2,205",6/15/2024,"16,046","3,762,973",0.43
Virginia,6/29/2024,"2,112",6/22/2024,"16,433","3,762,973",0.44
Virginia,7/6/2024,"2,136",6/29/2024,"16,471","3,762,973",0.44
Virginia,7/13/2024,"2,433",7/6/2024,"16,886","3,793,998",0.45
Virginia,7/20/2024,"2,045",7/13/2024,"16,721","3,793,998",0.44
Virginia,7/27/2024,"2,682",7/20/2024,"16,858","3,793,998",0.44
Virginia,8/3/2024,"1,937",7/27/2024,"16,893","3,793,998",0.45
Virginia,8/10/2024,"2,294",8/3/2024,"16,675","3,793,998",0.44
Virginia,8/17/2024,"2,702",8/10/2024,"16,290","3,793,998",0.43
Virginia,8/24/2024,"2,185",8/17/2024,"16,311","3,793,998",0.43
Virginia,8/31/2024,"1,826",8/24/2024,"15,589","3,793,998",0.41
Virginia,9/7/2024,"2,129",8/31/2024,"15,006","3,793,998",0.4
Virginia,9/14/2024,"2,164",9/7/2024,"14,749","3,793,998",0.39
Virginia,9/21/2024,"2,852",9/14/2024,"14,880","3,793,998",0.39
Virginia,9/28/2024,"2,371",9/21/2024,"15,395","3,793,998",0.41
Virginia,10/5/2024,"3,025",9/28/2024,"15,137","3,793,998",0.4
Virginia,10/12/2024,"3,202",10/5/2024,"15,480","3,821,851",0.41
Virginia,10/19/2024,"3,039",10/12/2024,"15,663","3,821,851",0.41
Virginia,10/26/2024,"2,215",10/19/2024,"16,007","3,821,851",0.42
Virginia,11/2/2024,"2,359",10/26/2024,"15,431","3,821,851",0.4
Virginia,11/9/2024,"2,408",11/2/2024,"15,404","3,821,851",0.4
Virginia,11/16/2024,"2,265",11/9/2024,"15,438","3,821,851",0.4
Virginia,11/23/2024,"2,244",11/16/2024,"15,554","3,821,851",0.41
Virginia,11/30/2024,"1,284",11/23/2024,"15,070","3,821,851",0.39
Virginia,12/7/2024,"2,764",11/30/2024,"15,318","3,821,851",0.4
Virginia,12/14/2024,"2,417",12/7/2024,"15,657","3,821,851",0.41
Virginia,12/21/2024,"2,230",12/14/2024,"16,104","3,821,851",0.42
Virginia,12/28/2024,"1,468",12/21/2024,"15,712","3,821,851",0.41
Virginia,1/4/2025,"2,314",12/28/2024,"15,983","3,821,851",0.42
Virginia,1/11/2025,"3,407",1/4/2025,"16,539","3,841,982",0.43
Virginia,1/18/2025,"2,858",1/11/2025,"17,161","3,841,982",0.45
Virginia,1/25/2025,"2,522",1/18/2025,"17,203","3,841,982",0.45
Virginia,2/1/2025,"2,606",1/25/2025,"17,201","3,841,982",0.45
Virginia,2/8/2025,"3,202",2/1/2025,"17,288","3,841,982",0.45
Virginia,2/15/2025,"2,899",2/8/2025,"17,579","3,841,982",0.46
Virginia,2/22/2025,"2,473",2/15/2025,"18,179","3,841,982",0.47
Virginia,3/1/2025,"2,881",2/22/2025,"17,671","3,841,982",0.46
